codelist_code,term_code,term_value,collected_value,term_preferred_term,term_synonyms
C74456,C116163,5TH LUMBAR SPINOUS PROCESS,5TH LUMBAR SPINOUS PROCESS,Fifth Lumbar Spinous Process,
C74456,C32038,ABDOMINAL AORTA,ABDOMINAL AORTA,Abdominal Aorta,
C74456,C12664,ABDOMINAL CAVITY,ABDOMINAL CAVITY,Abdomen,Abdomen
C74456,C12360,ABDOMINAL LYMPH NODE,ABDOMINAL LYMPH NODE,Abdominal Lymph Node,
C74456,C151399,"ABDOMINAL QUADRANT, LEFT LOWER","ABDOMINAL QUADRANT, LEFT LOWER",Left Lower Quadrant of Abdomen,
C74456,C151397,"ABDOMINAL QUADRANT, LEFT UPPER","ABDOMINAL QUADRANT, LEFT UPPER",Left Upper Quadrant of Abdomen,
C74456,C151400,"ABDOMINAL QUADRANT, RIGHT LOWER","ABDOMINAL QUADRANT, RIGHT LOWER",Right Lower Quadrant of Abdomen,
C74456,C151398,"ABDOMINAL QUADRANT, RIGHT UPPER","ABDOMINAL QUADRANT, RIGHT UPPER",Right Upper Quadrant of Abdomen,
C74456,C139186,ABDOMINAL REGION,ABDOMINAL REGION,Abdominal Region,
C74456,C52758,ABDOMINAL SKIN,ABDOMINAL SKIN,Abdominal Skin,Abdominal Skin
C74456,C225624,ABDOMINAL WALL SOFT TISSUE,ABDOMINAL WALL SOFT TISSUE,Abdominal Wall Soft Tissue,
C74456,C77608,ABDOMINAL WALL,ABDOMINAL WALL,Abdominal Wall,
C74456,C12665,ABDUCENS NERVE,ABDUCENS NERVE,Abducens Nerve,
C74456,C165996,ABDUCTOR DIGITI MINIMI MUSCLE OF THE HAND,ABDUCTOR DIGITI MINIMI MUSCLE OF THE HAND,Abductor Digiti Minimi Muscle of the Hand,
C74456,C163504,ABDUCTOR DIGITI QUINTI MUSCLE,ABDUCTOR DIGITI QUINTI MUSCLE,Abductor Digiti Minimi Muscle,Abductor Digiti Minimi; Abductor Minimi Digiti
C74456,C163505,ABDUCTOR HALLUCIS MUSCLE,ABDUCTOR HALLUCIS MUSCLE,Abductor Hallucis Muscle,
C74456,C165997,ABDUCTOR POLLICIS BREVIS MUSCLE,ABDUCTOR POLLICIS BREVIS MUSCLE,Abductor Pollicis Brevis Muscle,
C74456,C52888,ABDUCTOR POLLICIS LONGUS MUSCLE,ABDUCTOR POLLICIS LONGUS MUSCLE,Abductor Pollicis Longus,
C74456,C116183,ACCESSORY RENAL ARTERY,ACCESSORY RENAL ARTERY,Accessory Renal Artery,
C74456,C32042,ACETABULUM,ACETABULUM,Acetabulum,Acetabulum
C74456,C32043,ACHILLES TENDON,ACHILLES TENDON,Achilles Tendon,
C74456,C32047,ACROMIOCLAVICULAR JOINT,ACROMIOCLAVICULAR JOINT,Acromioclavicular Joint,Acromioclavicular Joint
C74456,C32048,ACROMION,ACROMION,Acromion,Acromion
C74456,C102285,ACUTE MARGINAL ARTERY,ACUTE MARGINAL ARTERY,Acute Marginal Artery,ACUTE MARGINAL ARTERY SEGMENT(S); AMARG
C74456,C163506,ADDUCTOR BREVIS MUSCLE,ADDUCTOR BREVIS MUSCLE,Adductor Brevis Muscle,
C74456,C163507,"ADDUCTOR HALLUCIS MUSCLE, OBLIQUE HEAD","ADDUCTOR HALLUCIS MUSCLE, OBLIQUE HEAD",Oblique Head of Adductor Hallucis Muscle,
C74456,C163508,"ADDUCTOR HALLUCIS MUSCLE, TRANSVERSE HEAD","ADDUCTOR HALLUCIS MUSCLE, TRANSVERSE HEAD",Transverse Head of Adductor Hallucis Muscle,
C74456,C163509,ADDUCTOR LONGUS MUSCLE,ADDUCTOR LONGUS MUSCLE,Adductor Longus Muscle,
C74456,C163510,ADDUCTOR MAGNUS MUSCLE,ADDUCTOR MAGNUS MUSCLE,Adductor Magnus Muscle,
C74456,C186100,ADDUCTOR POLLICIS MUSCLE,ADDUCTOR POLLICIS MUSCLE,Adductor Pollicis Muscle,
C74456,C12666,ADRENAL GLAND,ADRENAL GLAND,Adrenal Gland,
C74456,C129430,ALISPHENOID PROCESS,ALISPHENOID PROCESS,Sphenoid Wing,Greater Wing of the Sphenoid Bone
C74456,C89749,ALVEOLAR PROCESS,ALVEOLAR PROCESS,Alveolar Ridge,Alveolar Margin; Alveolar Ridge
C74456,C12986,ALVEOLUS,ALVEOLUS,Alveolus,Alveoli
C74456,C13188,AMNIOTIC FLUID,AMNIOTIC FLUID,Amniotic Fluid,Aqua Amnii
C74456,C13011,AMPULLA OF VATER,AMPULLA OF VATER,Ampulla of Vater,
C74456,C12440,AMYGDALA,AMYGDALA,Amygdala,Amygdala; Amygdaloid Body; Amygdaloid Nucleus
C74456,C12375,ANAL CANAL,ANAL CANAL,Anal Canal,
C74456,C32069,ANAL REGION,ANAL REGION,Anal Region,
C74456,C165177,ANAL SPHINCTER,ANAL SPHINCTER,Anal Sphincter,
C74456,C25419,ANAL VERGE,ANAL VERGE,Anal Margin,
C74456,C15609,ANASTOMOSIS,ANASTOMOSIS,Anastomosis,Anastomosis
C74456,C186101,ANCONEUS MUSCLE,ANCONEUS MUSCLE,Anconeus Muscle,
C74456,C32077,ANGULAR GYRUS,ANGULAR GYRUS,Angular Gyrus,
C74456,C204661,ANKLE DORSIFLEXOR MUSCLES,ANKLE DORSIFLEXOR MUSCLES,Ankle Dorsiflexor Muscles,
C74456,C161390,ANKLE JOINT ANTERIOR EXTENSOR TENDONS,ANKLE JOINT ANTERIOR EXTENSOR TENDONS,Ankle Joint Anterior Extensor Tendons,
C74456,C161389,ANKLE JOINT ANTERIOR FLEXOR TENDONS,ANKLE JOINT ANTERIOR FLEXOR TENDONS,Ankle Joint Anterior Flexor Tendons,
C74456,C32078,ANKLE JOINT,ANKLE JOINT,Ankle Joint,Ankle; Ankle Joint
C74456,C117868,ANKLE MORTISE,ANKLE MORTISE,Ankle Mortise,Talar Mortise
C74456,C186102,ANORECTUM,ANORECTUM,Anorectal Area,
C74456,C103238,ANTECUBITAL FOSSA,ANTECUBITAL FOSSA,Antecubital Fossa,Antecubital Region
C74456,C12829,ANTERIOR CEREBRAL ARTERY,ANTERIOR CEREBRAL ARTERY,Anterior Cerebral Artery,ACA
C74456,C139185,ANTERIOR CINGULATE CORTEX,ANTERIOR CINGULATE CORTEX,Anterior Cingulate Cortex,
C74456,C187996,ANTERIOR CINGULATE GYRUS,ANTERIOR CINGULATE GYRUS,Anterior Cingulate Gyrus,
C74456,C32637,ANTERIOR HORN OF THE LATERAL VENTRICLE,ANTERIOR HORN OF THE LATERAL VENTRICLE,Frontal Horn of the Lateral Ventricle,Frontal Horn of the Lateral Ventricle
C74456,C32091,ANTERIOR INFERIOR CEREBELLAR ARTERY,ANTERIOR INFERIOR CEREBELLAR ARTERY,Anterior Inferior Cerebellar Artery,AICA
C74456,C32097,ANTERIOR MEDIASTINAL LYMPH NODE,ANTERIOR MEDIASTINAL LYMPH NODE,Anterior Mediastinal Lymph Node,Prevascular Lymph Node
C74456,C139187,ANTERIOR SUPERIOR ILIAC SPINE,ANTERIOR SUPERIOR ILIAC SPINE,Anterior Superior Iliac Spine,
C74456,C12825,ANTERIOR TIBIAL ARTERY,ANTERIOR TIBIAL ARTERY,Anterior Tibial Artery,
C74456,C32115,ANTERIOR TIBIAL VEIN,ANTERIOR TIBIAL VEIN,Anterior Tibial Vein,
C74456,C12259,ANTRUM PYLORI,ANTRUM PYLORI,Antrum Pylori,Antrum Pylori
C74456,C43362,ANUS,ANUS,Anus,
C74456,C12669,AORTA,AORTA,Aorta,
C74456,C32123,AORTIC ARCH,AORTIC ARCH,Aortic Arch,Aortic Arch
C74456,C97112,AORTIC BODY,AORTIC BODY,Aortic Body,
C74456,C130167,AORTIC VALVE ANNULUS,AORTIC VALVE ANNULUS,Aortic Valve Annulus,
C74456,C12670,AORTIC VALVE,AORTIC VALVE,Aortic Valve,
C74456,C127638,"AORTIC VALVE, LEFT CORONARY CUSP","AORTIC VALVE, LEFT CORONARY CUSP",Left Coronary Cusp of the Aortic Valve,"Aortic Valve, Left Semilunar Cusp"
C74456,C127639,"AORTIC VALVE, NON-CORONARY CUSP","AORTIC VALVE, NON-CORONARY CUSP",Non-Coronary Cusp of the Aortic Valve,"Aortic Valve, Posterior Semilunar Cusp"
C74456,C127640,"AORTIC VALVE, RIGHT CORONARY CUSP","AORTIC VALVE, RIGHT CORONARY CUSP",Right Coronary Cusp of the Aortic Valve,"Aortic Valve, Right Semilunar Cusp"
C74456,C186103,AORTICOPULMONARY SEPTUM,AORTICOPULMONARY SEPTUM,Aorticopulmonary Septum,
C74456,C116166,AORTO-ILIAC PERIPHERAL ARTERY,AORTO-ILIAC PERIPHERAL ARTERY,Aortoiliac Artery Segment,
C74456,C118775,AORTOCAVAL LYMPH NODE,AORTOCAVAL LYMPH NODE,Aortocaval Lymph Node,
C74456,C116165,AORTOPULMONARY WINDOW LYMPH NODE,AORTOPULMONARY WINDOW LYMPH NODE,Aortopulmonary Window Lymph Node,
C74456,C83470,APPENDICEAL TIP,APPENDICEAL TIP,Appendiceal Tip,
C74456,C49477,APPENDICULAR SKELETON,APPENDICULAR SKELETON,Appendicular Skeleton,
C74456,C12380,APPENDIX,APPENDIX,Appendix,
C74456,C13190,AQUEOUS HUMOR,AQUEOUS HUMOR,Aqueous Humor,Aqueous Humour
C74456,C52754,ARM SKIN,ARM SKIN,Arm Skin,Arm Skin
C74456,C32141,ARM,ARM,Arm,Arm; Brachium; Upper Arm
C74456,C12372,ARTERY,ARTERY,Artery,Artery
C74456,C32150,ASCENDING AORTA,ASCENDING AORTA,Ascending Aorta,
C74456,C127641,"ASCENDING AORTA, AORTIC ROOT","ASCENDING AORTA, AORTIC ROOT",Aortic Root,
C74456,C127642,"ASCENDING AORTA, SINOTUBULAR JUNCTION","ASCENDING AORTA, SINOTUBULAR JUNCTION",Sinotubular Junction,
C74456,C33557,"ASCENDING AORTA, SINUS OF VALSALVA","ASCENDING AORTA, SINUS OF VALSALVA",Sinus of Valsalva,
C74456,C186104,ATRIOVENTRICULAR SEPTUM,ATRIOVENTRICULAR SEPTUM,Atrioventricular Septum,
C74456,C176322,ATRIOVENTRICULAR VALVE,ATRIOVENTRICULAR VALVE,Atrioventricular Valve,
C74456,C32164,AUDITORY OSSICLE,AUDITORY OSSICLE,Auditory Ossicle,Ossicles of the Ear
C74456,C32172,AXIAL SKELETON,AXIAL SKELETON,Axial Skeleton,
C74456,C12674,AXILLA,AXILLA,Axilla,Armpit; Axilla
C74456,C32169,AXILLARY ARTERY,AXILLARY ARTERY,Axillary Artery,
C74456,C123461,AXILLARY LYMPH NODE LEVEL I,AXILLARY LYMPH NODE LEVEL I,Axillary Lymph Node Level I,
C74456,C123462,AXILLARY LYMPH NODE LEVEL II,AXILLARY LYMPH NODE LEVEL II,Axillary Lymph Node Level II,
C74456,C123463,AXILLARY LYMPH NODE LEVEL III,AXILLARY LYMPH NODE LEVEL III,Axillary Lymph Node Level III,
C74456,C12904,AXILLARY LYMPH NODE,AXILLARY LYMPH NODE,Axillary Lymph Node,
C74456,C32171,AXILLARY VEIN,AXILLARY VEIN,Axillary Vein,
C74456,C53029,AZYGOS VEIN,AZYGOS VEIN,Azygos Vein,
C74456,C13062,BACK,BACK,Back,Back
C74456,C12447,BASAL GANGLIA,BASAL GANGLIA,Basal Ganglia,
C74456,C12228,BASE OF THE TONGUE,BASE OF THE TONGUE,Base of Tongue,
C74456,C12676,BASILAR ARTERY,BASILAR ARTERY,Basilar Artery,
C74456,C32197,BASILIC VEIN,BASILIC VEIN,Basilic Vein,Basilic Vein
C74456,C186105,BASIOCCIPITAL BONE,BASIOCCIPITAL BONE,Basioccipital Bone,
C74456,C186106,BASISPHENOID BONE,BASISPHENOID BONE,Basisphenoid Bone,
C74456,C32200,BICEPS BRACHII MUSCLE,BICEPS BRACHII MUSCLE,Biceps Brachii,
C74456,C214698,BICEPS BRACHII TENDONS,BICEPS BRACHII TENDONS,Biceps Brachii Tendon,
C74456,C53147,BICEPS FEMORIS MUSCLE,BICEPS FEMORIS MUSCLE,Biceps Femoris,
C74456,C221582,"BICEPS FEMORIS MUSCLE, LONG HEAD","BICEPS FEMORIS MUSCLE, LONG HEAD",Long Head of Biceps Femoris Muscle,
C74456,C221583,"BICEPS FEMORIS MUSCLE, SHORT HEAD","BICEPS FEMORIS MUSCLE, SHORT HEAD",Short Head of Biceps Femoris Muscle,
C74456,C12376,BILE DUCT,BILE DUCT,Bile Duct,
C74456,C12678,BILIARY TRACT,BILIARY TRACT,Biliary Tract,Biliary Tract
C74456,C48941,BLADDER WALL,BLADDER WALL,Bladder Wall,
C74456,C12414,BLADDER,BLADDER,Bladder,Urinary Bladder
C74456,C198292,"BLADDER, APEX","BLADDER, APEX",Bladder Apex,
C74456,C198293,"BLADDER, BODY","BLADDER, BODY",Bladder Body,
C74456,C12332,"BLADDER, DOME","BLADDER, DOME",Dome of the Bladder,Dome of the Bladder
C74456,C48939,"BLADDER, FUNDUS","BLADDER, FUNDUS",Bladder Fundus,Fundus of the Bladder
C74456,C12336,"BLADDER, NECK","BLADDER, NECK",Bladder Neck,Neck of the Bladder
C74456,C12331,"BLADDER, TRIGONE","BLADDER, TRIGONE",Bladder Trigone,Trigone of the Bladder
C74456,C12679,BLOOD VESSEL,BLOOD VESSEL,Blood Vessel,
C74456,C12434,BLOOD,BLOOD,Blood,Peripheral Blood; Whole Blood
C74456,C12258,BODY OF STOMACH,BODY OF STOMACH,Body of Stomach,Body of Stomach
C74456,C13041,BODY,BODY,Body,Whole Body
C74456,C12431,BONE MARROW,BONE MARROW,Bone Marrow,
C74456,C12366,BONE,BONE,Bone,
C74456,C12681,BRACHIAL ARTERY,BRACHIAL ARTERY,Brachial Artery,
C74456,C92221,BRACHIAL LYMPH NODE,BRACHIAL LYMPH NODE,Brachial Lymph Node,
C74456,C12682,BRACHIAL PLEXUS,BRACHIAL PLEXUS,Brachial Plexus,Brachial Plexus
C74456,C12883,BRACHIAL VEIN,BRACHIAL VEIN,Brachial Vein,
C74456,C53149,BRACHIALIS MUSCLE,BRACHIALIS MUSCLE,Brachialis,
C74456,C32814,BRACHIOCEPHALIC ARTERY,BRACHIOCEPHALIC ARTERY,Innominate Artery,Innominate Artery
C74456,C150849,BRACHIORADIALIS MUSCLE,BRACHIORADIALIS MUSCLE,Brachioradialis Muscle,
C74456,C12441,BRAIN STEM,BRAIN STEM,Brain Stem,Brain Stem
C74456,C12356,BRAIN VENTRICLE,BRAIN VENTRICLE,Brain Ventricle,Brain Ventricle
C74456,C12834,"BRAIN VENTRICLE, LATERAL","BRAIN VENTRICLE, LATERAL",Lateral Ventricle,
C74456,C12439,BRAIN,BRAIN,Brain,"Nervous System, Brain"
C74456,C32550,"BRAIN, EXTERNAL CAPSULE","BRAIN, EXTERNAL CAPSULE",External Capsule,
C74456,C12828,"BRAIN, FOURTH VENTRICLE","BRAIN, FOURTH VENTRICLE",Fourth Ventricle,
C74456,C13082,"BRAIN, INTERNAL CAPSULE","BRAIN, INTERNAL CAPSULE",Internal Capsule,
C74456,C132390,"BRAIN, PERIVENTRICULAR REGION","BRAIN, PERIVENTRICULAR REGION",Periventricular Region,
C74456,C12827,"BRAIN, THIRD VENTRICLE","BRAIN, THIRD VENTRICLE",Third Ventricle,
C74456,C12971,BREAST,BREAST,Breast,Breast
C74456,C12318,BROAD LIGAMENT,BROAD LIGAMENT,Broad Ligament,
C74456,C221585,BRODMANN AREA 10,BRODMANN AREA 10,Brodmann Area 10,BA 10
C74456,C221584,BRODMANN AREA 8,BRODMANN AREA 8,Brodmann Area 8,BA 8
C74456,C186107,BRONCHIAL STUMP,BRONCHIAL STUMP,Bronchial Stump,
C74456,C12684,BRONCHIOLE,BRONCHIOLE,Bronchiole,
C74456,C12683,BRONCHUS,BRONCHUS,Bronchus,Bronchi
C74456,C154770,BUCCAL LYMPH NODE,BUCCAL LYMPH NODE,Buccal Lymph Node,Buccinator Lymph Node
C74456,C12505,BUCCAL MUCOSA,BUCCAL MUCOSA,Buccal Mucosa,
C74456,C12902,BULBAR CONJUNCTIVA,BULBAR CONJUNCTIVA,Bulbar Conjunctiva,
C74456,C89806,BUTTOCK,BUTTOCK,Buttock,Buttock
C74456,C32239,C1 VERTEBRA,C1 VERTEBRA,C1 Vertebra,C1 Vertebra
C74456,C225625,C2 DERMATOME,C2 DERMATOME,C2 Dermatome,C2 Nerve Root Dermatome
C74456,C32240,C2 VERTEBRA,C2 VERTEBRA,C2 Vertebra,C2 Vertebra
C74456,C225626,C3 DERMATOME,C3 DERMATOME,C3 Dermatome,C3 Nerve Root Dermatome
C74456,C32241,C3 VERTEBRA,C3 VERTEBRA,C3 Vertebra,C3 Vertebra
C74456,C225627,C4 DERMATOME,C4 DERMATOME,C4 Dermatome,C4 Nerve Root Dermatome
C74456,C32242,C4 VERTEBRA,C4 VERTEBRA,C4 Vertebra,C4 Vertebra
C74456,C225628,C5 DERMATOME,C5 DERMATOME,C5 Dermatome,C5 Nerve Root Dermatome
C74456,C32243,C5 VERTEBRA,C5 VERTEBRA,C5 Vertebra,C5 Vertebra
C74456,C225629,C6 DERMATOME,C6 DERMATOME,C6 Dermatome,C6 Nerve Root Dermatome
C74456,C32244,C6 VERTEBRA,C6 VERTEBRA,C6 Vertebra,C6 Vertebra
C74456,C225630,C7 DERMATOME,C7 DERMATOME,C7 Dermatome,C7 Nerve Root Dermatome
C74456,C32245,C7 VERTEBRA,C7 VERTEBRA,C7 Vertebra,C7 Vertebra
C74456,C225631,C8 DERMATOME,C8 DERMATOME,C8 Dermatome,C8 Nerve Root Dermatome
C74456,C142295,CALCANEAL TUBEROSITY,CALCANEAL TUBEROSITY,Calcaneal Tuberosity,
C74456,C32250,CALCANEUS,CALCANEUS,Calcaneum,Calcaneum; Calcaneus Bone
C74456,C32252,CALCARINE SULCUS,CALCARINE SULCUS,Calcarine Sulcus,
C74456,C154703,CALF MUSCULAR VEIN,CALF MUSCULAR VEIN,Calf Muscular Vein,
C74456,C93027,CALF,CALF,Calf,
C74456,C32258,CANINE TOOTH,CANINE TOOTH,Canine Tooth,Canine Tooth
C74456,C12856,CAPITATE BONE,CAPITATE BONE,Capitate Bone,Capitate Bone
C74456,C139188,CAPITATE-HAMATE JOINT,CAPITATE-HAMATE JOINT,Capitate-Hamate Joint,
C74456,C139189,CAPITATE-LUNATE JOINT,CAPITATE-LUNATE JOINT,Capitate-Lunate Joint,
C74456,C12729,CARDIAC VALVE,CARDIAC VALVE,Cardiac Valve,
C74456,C139201,CARDIAC WALL,CARDIAC WALL,Cardiac Wall,
C74456,C121555,CARDIOPHRENIC LYMPH NODE,CARDIOPHRENIC LYMPH NODE,Cardiophrenic Lymph Node,Cardiophrenic Angle Lymph Node
C74456,C12686,CARDIOVASCULAR SYSTEM,CARDIOVASCULAR SYSTEM,Cardiovascular System,Circulatory System
C74456,C25264,CARINA,CARINA,Carina,"Carina, Tracheal"
C74456,C12687,CAROTID ARTERY,CAROTID ARTERY,Common Carotid Artery,Common Carotid Artery
C74456,C66852,CAROTID BODY,CAROTID BODY,Carotid Body,
C74456,C12688,CARPAL BONE,CARPAL BONE,Carpal Bone,
C74456,C103912,CARPOMETACARPAL JOINT 1,CARPOMETACARPAL JOINT 1,Carpometacarpal Joint 1,CMC1
C74456,C103913,CARPOMETACARPAL JOINT 2,CARPOMETACARPAL JOINT 2,Carpometacarpal Joint 2,CMC2
C74456,C103914,CARPOMETACARPAL JOINT 3,CARPOMETACARPAL JOINT 3,Carpometacarpal Joint 3,CMC3
C74456,C103915,CARPOMETACARPAL JOINT 4,CARPOMETACARPAL JOINT 4,Carpometacarpal Joint 4,CMC4
C74456,C103916,CARPOMETACARPAL JOINT 5,CARPOMETACARPAL JOINT 5,Carpometacarpal Joint 5,CMC5
C74456,C32265,CARPOMETACARPAL JOINT,CARPOMETACARPAL JOINT,Carpometacarpal Joint,
C74456,C12373,CARTILAGE,CARTILAGE,Cartilage,
C74456,C176319,CAUDAL VERTEBRA,CAUDAL VERTEBRA,Caudal Vertebra,
C74456,C12451,CAUDATE NUCLEUS,CAUDATE NUCLEUS,Caudate Nucleus,
C74456,C12381,CECUM,CECUM,Cecum,
C74456,C52846,CELIAC ARTERY,CELIAC ARTERY,Celiac Artery,Celiac Trunk
C74456,C65166,CELIAC LYMPH NODE,CELIAC LYMPH NODE,Celiac Lymph Node,Celiac Axis Lymph Node; Celiac Lymph Node
C74456,C12438,CENTRAL NERVOUS SYSTEM,CENTRAL NERVOUS SYSTEM,Central Nervous System,
C74456,C32286,CEPHALIC VEIN,CEPHALIC VEIN,Cephalic Vein,Vena Cephalica
C74456,C186108,CEREBELLAR LOBE,CEREBELLAR LOBE,Cerebellar Lobe,
C74456,C88147,CEREBELLAR PEDUNCLE,CEREBELLAR PEDUNCLE,Cerebellar Peduncle,
C74456,C33866,CEREBELLAR VERMIS,CEREBELLAR VERMIS,Vermis,
C74456,C12445,CEREBELLUM,CEREBELLUM,Cerebellum,
C74456,C12691,CEREBRAL ARTERY,CEREBRAL ARTERY,Cerebral Artery,
C74456,C12443,CEREBRAL CORTEX,CEREBRAL CORTEX,Cerebral Cortex,Cerebral Cortex
C74456,C32955,"CEREBRAL HEMISPHERE, LEFT","CEREBRAL HEMISPHERE, LEFT",Left Cerebral Hemisphere,
C74456,C33472,"CEREBRAL HEMISPHERE, RIGHT","CEREBRAL HEMISPHERE, RIGHT",Right Cerebral Hemisphere,
C74456,C32291,CEREBRAL PEDUNCLE,CEREBRAL PEDUNCLE,Cerebral Peduncle,
C74456,C98712,CEREBRAL SUBCORTEX,CEREBRAL SUBCORTEX,Cerebral Subcortex,Cerebral Subcortex
C74456,C53037,CEREBRAL VEIN,CEREBRAL VEIN,Cerebral Vein,
C74456,C12351,CEREBRUM,CEREBRUM,Cerebral Hemisphere,
C74456,C202889,CERVICAL LYMPH NODE LEVEL II,CERVICAL LYMPH NODE LEVEL II,Neck Lymph Node Boundary Level II,
C74456,C132499,CERVICAL LYMPH NODE LEVEL III,CERVICAL LYMPH NODE LEVEL III,Neck Lymph Node Boundary Level III,
C74456,C132500,CERVICAL LYMPH NODE LEVEL IV,CERVICAL LYMPH NODE LEVEL IV,Neck Lymph Node Boundary Level IV,
C74456,C202890,CERVICAL LYMPH NODE LEVEL V,CERVICAL LYMPH NODE LEVEL V,Neck Lymph Node Boundary Level V,
C74456,C132514,CERVICAL LYMPH NODE LEVEL VI,CERVICAL LYMPH NODE LEVEL VI,Anterior Compartment Lymph Node Group (Level VI),Central Compartment Lymph Nodes
C74456,C32298,CERVICAL LYMPH NODE,CERVICAL LYMPH NODE,Cervical Lymph Node,
C74456,C69313,CERVICAL SPINE,CERVICAL SPINE,Cervical Spine,
C74456,C12693,CERVICAL VERTEBRA,CERVICAL VERTEBRA,Cervical Vertebra,
C74456,C178002,CERVICOVAGINAL REGION,CERVICOVAGINAL REGION,Cervicovaginal Region,
C74456,C12311,CERVIX UTERI,CERVIX UTERI,Cervix Uteri,Cervix Uteri; Uterine Cervix
C74456,C13070,CHEEK,CHEEK,Cheek,
C74456,C62484,CHEST WALL,CHEST WALL,Chest Wall,Chest Wall
C74456,C25389,CHEST,CHEST,Chest,Chest
C74456,C81169,CHIN,CHIN,Mentum,
C74456,C32307,CHORDAE TENDINEAE,CHORDAE TENDINEAE,Chordae Tendineae,Chorda Tendinea
C74456,C12694,CHOROID PLEXUS,CHOROID PLEXUS,Choroid Plexus,
C74456,C12344,CHOROID,CHOROID,Choroid,
C74456,C12345,CILIARY BODY,CILIARY BODY,Ciliary Body,
C74456,C52713,CINGULATE CORTEX,CINGULATE CORTEX,Cingulate Cortex,
C74456,C102287,CIRCUMFLEX ARTERY AV GROOVE CONTINUATION ARTERY,CIRCUMFLEX ARTERY AV GROOVE CONTINUATION ARTERY,Circumflex Artery AV Groove Continuation Artery,CIRC AV; CIRCUMFLEX ARTERY AV GROOVE CONTINUATION ARTERY SEGMENT
C74456,C102286,"CIRCUMFLEX, OBTUSE MARGINALS, LEFT POSTEROLATERAL AND LEFT POSTERIOR DESCENDING ARTERY BRANCHES","CIRCUMFLEX, OBTUSE MARGINALS, LEFT POSTEROLATERAL AND LEFT POSTERIOR DESCENDING ARTERY BRANCHES",Circumflex Artery and its Branches,
C74456,C12695,CLAVICLE,CLAVICLE,Clavicle,
C74456,C176323,CLAW,CLAW,Claw,
C74456,C12308,CLITORIS,CLITORIS,Clitoris,
C74456,C12494,CLIVUS,CLIVUS,Clivus,
C74456,C32334,COCCYGEAL VERTEBRA,COCCYGEAL VERTEBRA,Coccygeal Vertebra,Coccygeal Vertebra
C74456,C12696,COCCYX,COCCYX,Coccyx,Coccyx
C74456,C176317,COLON LYMPH NODE,COLON LYMPH NODE,Colon Lymph Node,
C74456,C176315,COLON WALL,COLON WALL,Colon Wall,
C74456,C12382,COLON,COLON,Colon,
C74456,C12265,"COLON, ASCENDING","COLON, ASCENDING",Ascending Colon,Ascending Colon
C74456,C12268,"COLON, DESCENDING","COLON, DESCENDING",Descending Colon,Descending Colon
C74456,C12266,"COLON, HEPATIC FLEXURE","COLON, HEPATIC FLEXURE",Hepatic Flexure,Hepatic Flexure; Right Colic Flexure
C74456,C33929,"COLON, LEFT","COLON, LEFT",Left Colon,Left Colon
C74456,C103438,"COLON, RECTOSIGMOID","COLON, RECTOSIGMOID",Rectosigmoid Colon,
C74456,C12383,"COLON, RIGHT","COLON, RIGHT",Right Colon,Right Colon
C74456,C12384,"COLON, SIGMOID","COLON, SIGMOID",Sigmoid Colon,Sigmoid Colon
C74456,C12267,"COLON, SPLENIC FLEXURE","COLON, SPLENIC FLEXURE",Splenic Flexure,Left Colic Flexure; Splenic Flexure
C74456,C12385,"COLON, TRANSVERSE","COLON, TRANSVERSE",Transverse Colon,Transverse Colon
C74456,C164003,COLONIC MUCOSA,COLONIC MUCOSA,Colonic Mucosa,
C74456,C12698,COMMON BILE DUCT,COMMON BILE DUCT,Common Bile Duct,Common Duct
C74456,C32354,COMMON FEMORAL ARTERY,COMMON FEMORAL ARTERY,Common Femoral Artery,
C74456,C154771,COMMON FEMORAL VEIN,COMMON FEMORAL VEIN,Common Femoral Vein,
C74456,C32357,COMMON ILIAC ARTERY,COMMON ILIAC ARTERY,Common Iliac Artery,
C74456,C103384,COMMON ILIAC LYMPH NODE,COMMON ILIAC LYMPH NODE,Common Iliac Lymph Node,
C74456,C52744,COMMON PALMAR DIGITAL ARTERY,COMMON PALMAR DIGITAL ARTERY,Common Palmar Digital Artery,
C74456,C12341,CONJUNCTIVA,CONJUNCTIVA,Conjunctiva,
C74456,C12342,CORNEA,CORNEA,Cornea,
C74456,C12707,CORNEAL ENDOTHELIUM,CORNEAL ENDOTHELIUM,Corneal Endothelium,
C74456,C12928,CORNEAL EPITHELIUM,CORNEAL EPITHELIUM,Corneal Epithelium,
C74456,C12699,CORNEAL STROMA,CORNEAL STROMA,Corneal Stroma,
C74456,C12843,CORONARY ARTERY,CORONARY ARTERY,Coronary Artery,
C74456,C32089,"CORONARY ARTERY, ANTERIOR DESCENDING","CORONARY ARTERY, ANTERIOR DESCENDING",Anterior Descending Coronary Artery,Anterior Descending Coronary Artery; Left Anterior Descending Coronary Artery
C74456,C12872,"CORONARY ARTERY, LEFT","CORONARY ARTERY, LEFT",Left Coronary Artery,Left Coronary Artery; Left Main Coronary Artery; Left Main Coronary Artery Segment; LM
C74456,C12875,"CORONARY ARTERY, RIGHT","CORONARY ARTERY, RIGHT",Right Coronary Artery,Right Coronary Artery
C74456,C32378,CORONARY SINUS,CORONARY SINUS,Coronary Sinus,
C74456,C12882,CORONARY VEIN,CORONARY VEIN,Coronary Vein,
C74456,C12446,CORPUS CALLOSUM,CORPUS CALLOSUM,Corpus Callosum,
C74456,C32216,"CORPUS CALLOSUM, BODY","CORPUS CALLOSUM, BODY",Body of the Corpus Callosum,
C74456,C32675,"CORPUS CALLOSUM, GENU","CORPUS CALLOSUM, GENU",Genu of the Corpus Callosum,
C74456,C33610,"CORPUS CALLOSUM, SPLENIUM","CORPUS CALLOSUM, SPLENIUM",Splenium of the Corpus Callosum,
C74456,C26465,CORPUS LUTEUM,CORPUS LUTEUM,Corpus Luteum,Corpus Luteum
C74456,C12448,CORPUS STRIATUM,CORPUS STRIATUM,Corpus Striatum,
C74456,C12316,CORPUS UTERI,CORPUS UTERI,Corpus Uteri,"Uterine Body; Uterus, Corpus"
C74456,C163511,CORRUGATOR SUPERCILII MUSCLE,CORRUGATOR SUPERCILII MUSCLE,Corrugator Supercilii Muscle,
C74456,C32391,COSTAL CARTILAGE,COSTAL CARTILAGE,Costal Cartilage,Costal Cartilage
C74456,C102288,COSTOCHONDRAL JOINT 1,COSTOCHONDRAL JOINT 1,Costochondral Joint 1,
C74456,C102289,COSTOCHONDRAL JOINT 7,COSTOCHONDRAL JOINT 7,Costochondral Joint 7,
C74456,C77638,CRANIAL CAVITY,CRANIAL CAVITY,Cranial Cavity,Intracranial Cavity
C74456,C12700,CRANIAL NERVE,CRANIAL NERVE,Cranial Nerve,
C74456,C32414,CUBOID BONE,CUBOID BONE,Cuboid Bone,Cuboid Bone
C74456,C32446,DELTOID MUSCLE,DELTOID MUSCLE,Deltoid,
C74456,C174321,DENTAL ARCH,DENTAL ARCH,Dental Arch,
C74456,C186109,DERMAL PAPILLAE OF THE FACE,DERMAL PAPILLAE OF THE FACE,Dermal Papillae of the Face,
C74456,C32455,DESCENDING AORTA,DESCENDING AORTA,Descending Aorta,
C74456,C12702,DIAPHRAGM,DIAPHRAGM,Diaphragm,
C74456,C132391,DIAPHRAGMATIC LYMPH NODE,DIAPHRAGMATIC LYMPH NODE,Diaphragmatic Lymph Node,
C74456,C40186,DIGIT,DIGIT,Digit,
C74456,C177918,DIGITAL ARTERY,DIGITAL ARTERY,Digital Artery,
C74456,C102290,DISTAL CIRCUMFLEX ARTERY,DISTAL CIRCUMFLEX ARTERY,Distal Circumflex Artery,DCIRC; DISTAL CIRCUMFLEX ARTERY SEGMENT
C74456,C60801,DISTAL COMMON BILE DUCT,DISTAL COMMON BILE DUCT,Distal Common Bile Duct,
C74456,C174320,DISTAL EXTRAHEPATIC BILE DUCT REGION,DISTAL EXTRAHEPATIC BILE DUCT REGION,Distal Extrahepatic Bile Duct Region,
C74456,C139208,DISTAL FEMUR R1,DISTAL FEMUR R1,Distal Femur R1,
C74456,C114198,DISTAL INTERPHALANGEAL JOINT 2 OF THE FOOT,DISTAL INTERPHALANGEAL JOINT 2 OF THE FOOT,Distal Interphalangeal Joint 2 of the Foot,DIP2 of the Foot
C74456,C114188,DISTAL INTERPHALANGEAL JOINT 2 OF THE HAND,DISTAL INTERPHALANGEAL JOINT 2 OF THE HAND,Distal Interphalangeal Joint 2 of the Hand,DIP2 of the Hand
C74456,C102291,DISTAL INTERPHALANGEAL JOINT 2,DISTAL INTERPHALANGEAL JOINT 2,Distal Interphalangeal Joint 2,DIP2
C74456,C114199,DISTAL INTERPHALANGEAL JOINT 3 OF THE FOOT,DISTAL INTERPHALANGEAL JOINT 3 OF THE FOOT,Distal Interphalangeal Joint 3 of the Foot,DIP3 of the Foot
C74456,C114189,DISTAL INTERPHALANGEAL JOINT 3 OF THE HAND,DISTAL INTERPHALANGEAL JOINT 3 OF THE HAND,Distal Interphalangeal Joint 3 of the Hand,DIP3 of the Hand
C74456,C102292,DISTAL INTERPHALANGEAL JOINT 3,DISTAL INTERPHALANGEAL JOINT 3,Distal Interphalangeal Joint 3,DIP3
C74456,C114275,DISTAL INTERPHALANGEAL JOINT 4 OF THE FOOT,DISTAL INTERPHALANGEAL JOINT 4 OF THE FOOT,Distal Interphalangeal Joint 4 of the Foot,DIP4 of the Foot
C74456,C114273,DISTAL INTERPHALANGEAL JOINT 4 OF THE HAND,DISTAL INTERPHALANGEAL JOINT 4 OF THE HAND,Distal Interphalangeal Joint 4 of the Hand,DIP4 of the Hand
C74456,C102293,DISTAL INTERPHALANGEAL JOINT 4,DISTAL INTERPHALANGEAL JOINT 4,Distal Interphalangeal Joint 4,DIP4
C74456,C114276,DISTAL INTERPHALANGEAL JOINT 5 OF THE FOOT,DISTAL INTERPHALANGEAL JOINT 5 OF THE FOOT,Distal Interphalangeal Joint 5 of the Foot,DIP5 of the Foot
C74456,C114274,DISTAL INTERPHALANGEAL JOINT 5 OF THE HAND,DISTAL INTERPHALANGEAL JOINT 5 OF THE HAND,Distal Interphalangeal Joint 5 of the Hand,DIP5 of the Hand
C74456,C102294,DISTAL INTERPHALANGEAL JOINT 5,DISTAL INTERPHALANGEAL JOINT 5,Distal Interphalangeal Joint 5,DIP5
C74456,C102295,DISTAL LAD ARTERY,DISTAL LAD ARTERY,Distal Left Anterior Descending Artery,DISTAL LAD ARTERY SEGMENT; DLAD
C74456,C139190,DISTAL PHALANX 2 OF THE HAND,DISTAL PHALANX 2 OF THE HAND,Hand Digit 2 Distal Phalanx,
C74456,C139191,DISTAL PHALANX 3 OF THE HAND,DISTAL PHALANX 3 OF THE HAND,Hand Digit 3 Distal Phalanx,
C74456,C139192,DISTAL PHALANX 4 OF THE HAND,DISTAL PHALANX 4 OF THE HAND,Hand Digit 4 Distal Phalanx,
C74456,C139193,DISTAL PHALANX 5 OF THE HAND,DISTAL PHALANX 5 OF THE HAND,Hand Digit 5 Distal Phalanx,
C74456,C139194,DISTAL RADIOULNAR JOINT,DISTAL RADIOULNAR JOINT,Distal Radioulnar Joint,
C74456,C102296,DISTAL RIGHT CORONARY ARTERY CONDUIT,DISTAL RIGHT CORONARY ARTERY CONDUIT,Distal Right Coronary Artery Conduit,DISTAL RIGHT CORONARY ARTERY CONDUIT SEGMENT; DRCA
C74456,C106042,DISTANT LYMPH NODE,DISTANT LYMPH NODE,Distant Lymph Node,
C74456,C12934,DORSAL MOTOR NUCLEUS,DORSAL MOTOR NUCLEUS,Dorsal Motor Nucleus,
C74456,C32478,DORSALIS PEDIS ARTERY,DORSALIS PEDIS ARTERY,Dorsalis Pedis Artery,Dorsal Pedal Artery; Dorsalis Pedis Artery
C74456,C52854,DUCTUS ARTERIOSUS,DUCTUS ARTERIOSUS,Ductus Arteriosus,
C74456,C12263,DUODENUM,DUODENUM,Duodenum,
C74456,C32488,DURA MATER,DURA MATER,Dura Mater,
C74456,C102627,DURAL VENOUS SINUS,DURAL VENOUS SINUS,Dural Venous Sinus,
C74456,C12394,EAR,EAR,Ear,
C74456,C12499,"EAR, INNER","EAR, INNER",Inner Ear,Internal Ear; Labyrinth
C74456,C12292,"EAR, OUTER","EAR, OUTER",External Ear,Auricle; External Ear; Pinna
C74456,C32999,EARLOBE,EARLOBE,Lobule of the Auricle,
C74456,C163512,ELBOW EXTENSOR MUSCLES,ELBOW EXTENSOR MUSCLES,Elbow Extensors,
C74456,C163513,ELBOW FLEXOR MUSCLES,ELBOW FLEXOR MUSCLES,Elbow Flexors,
C74456,C214697,ELBOW JOINT TENDONS,ELBOW JOINT TENDONS,Elbow Joint Tendon,
C74456,C32497,ELBOW JOINT,ELBOW JOINT,Elbow Joint,Elbow; Elbow Joint
C74456,C13004,ENDOCARDIUM,ENDOCARDIUM,Endocardium,
C74456,C12309,ENDOCERVIX,ENDOCERVIX,Endocervix,
C74456,C32514,ENDOMETRIAL CAVITY,ENDOMETRIAL CAVITY,Endometrial Cavity,Endometrial Cavity
C74456,C12313,ENDOMETRIUM,ENDOMETRIUM,Endometrium,
C74456,C97338,ENTORHINAL CORTEX,ENTORHINAL CORTEX,Entorhinal Cortex,
C74456,C13164,EPICARDIUM,EPICARDIUM,Epicardium,
C74456,C69300,EPICONDYLE,EPICONDYLE,Epicondyle,Epicondyle
C74456,C12328,EPIDIDYMIS,EPIDIDYMIS,Epididymis,
C74456,C41449,EPIDURAL SPACE,EPIDURAL SPACE,Epidural Spinal Space,
C74456,C139195,EPIGASTRIC LYMPH NODE,EPIGASTRIC LYMPH NODE,Epigastric Lymph Node,
C74456,C32525,EPIGASTRIC REGION,EPIGASTRIC REGION,Epigastric Region,
C74456,C12709,EPIGLOTTIS,EPIGLOTTIS,Epiglottis,Epiglottis
C74456,C98182,EPITROCHLEAR LYMPH NODE,EPITROCHLEAR LYMPH NODE,Epitrochlear Lymph Node,
C74456,C139196,ESOPHAGEAL LYMPH NODE,ESOPHAGEAL LYMPH NODE,Esophageal Lymph Node,
C74456,C32538,ESOPHAGEAL MUCOSA,ESOPHAGEAL MUCOSA,Esophageal Mucosa,
C74456,C12389,ESOPHAGUS,ESOPHAGUS,Esophagus,
C74456,C12252,"ESOPHAGUS, ABDOMINAL","ESOPHAGUS, ABDOMINAL",Abdominal Esophagus,Abdominal Esophagus
C74456,C12250,"ESOPHAGUS, CERVICAL","ESOPHAGUS, CERVICAL",Cervical Esophagus,Cervical Esophagus
C74456,C12255,"ESOPHAGUS, LOWER THIRD","ESOPHAGUS, LOWER THIRD",Lower Third of the Esophagus,Lower Third of the Esophagus
C74456,C12254,"ESOPHAGUS, MIDDLE THIRD","ESOPHAGUS, MIDDLE THIRD",Middle Third of the Esophagus,Middle Third of the Esophagus
C74456,C198294,"ESOPHAGUS, THORACIC LOWER","ESOPHAGUS, THORACIC LOWER",Lower Thoracic Esophagus,
C74456,C198295,"ESOPHAGUS, THORACIC MID","ESOPHAGUS, THORACIC MID",Middle Thoracic Esophagus,Middle Thoracic Esophagus
C74456,C198296,"ESOPHAGUS, THORACIC UPPER","ESOPHAGUS, THORACIC UPPER",Upper Thoracic Esophagus,
C74456,C12251,"ESOPHAGUS, THORACIC","ESOPHAGUS, THORACIC",Thoracic Esophagus,Thoracic Esophagus
C74456,C12253,"ESOPHAGUS, UPPER THIRD","ESOPHAGUS, UPPER THIRD",Upper Third of the Esophagus,Upper Third of the Esophagus
C74456,C12711,ETHMOID BONE,ETHMOID BONE,Ethmoid Bone,Ethmoid Bone
C74456,C12276,ETHMOID SINUS,ETHMOID SINUS,Ethmoid Sinus,Ethmoid Sinus
C74456,C186110,EXOCCIPITAL BONE,EXOCCIPITAL BONE,Exoccipital Bone,
C74456,C187833,EXTENSOR CARPI RADIALIS MUSCLES,EXTENSOR CARPI RADIALIS MUSCLES,Extensor Carpi Radialis Muscles,
C74456,C52914,EXTENSOR CARPI ULNARIS MUSCLE,EXTENSOR CARPI ULNARIS MUSCLE,Extensor Carpi Ulnaris,
C74456,C186111,EXTENSOR DIGITI MINIMI MUSCLE,EXTENSOR DIGITI MINIMI MUSCLE,Extensor Digiti Minimi Muscle,
C74456,C163514,EXTENSOR DIGITORUM BREVIS MUSCLE,EXTENSOR DIGITORUM BREVIS MUSCLE,Extensor Digitorum Brevis Muscle,
C74456,C52918,EXTENSOR DIGITORUM LONGUS MUSCLE,EXTENSOR DIGITORUM LONGUS MUSCLE,Extensor Digitorum Longus,Long Digital Extensor Muscle
C74456,C52916,EXTENSOR DIGITORUM MUSCLE,EXTENSOR DIGITORUM MUSCLE,Extensor Digitorum Communis,
C74456,C163515,EXTENSOR HALLUCIS BREVIS MUSCLE,EXTENSOR HALLUCIS BREVIS MUSCLE,Extensor Hallucis Brevis Muscle,
C74456,C186112,EXTENSOR HALLUCIS LONGUS MUSCLE,EXTENSOR HALLUCIS LONGUS MUSCLE,Extensor Hallucis Longus Muscle,
C74456,C186113,EXTENSOR INDICIS PROPRIUS MUSCLE,EXTENSOR INDICIS PROPRIUS MUSCLE,Extensor Indicis Proprius Muscle,
C74456,C186114,EXTENSOR POLLICIS BREVIS MUSCLE,EXTENSOR POLLICIS BREVIS MUSCLE,Extensor Pollicis Brevis Muscle,
C74456,C186115,EXTENSOR POLLICIS LONGUS MUSCLE,EXTENSOR POLLICIS LONGUS MUSCLE,Extensor Pollicis Longus Muscle,
C74456,C12498,EXTERNAL ACOUSTIC MEATUS,EXTERNAL ACOUSTIC MEATUS,External Acoustic Meatus,Auditory Canal; Ear Canal; External Acoustic Meatus; External Auditory Canal; External Auditory Meatus
C74456,C32558,EXTERNAL ILIAC ARTERY,EXTERNAL ILIAC ARTERY,External Iliac Artery,
C74456,C88143,EXTERNAL ILIAC LYMPH NODE,EXTERNAL ILIAC LYMPH NODE,External Iliac Lymph Node,
C74456,C165584,EXTRAABDOMINAL LYMPH NODE,EXTRAABDOMINAL LYMPH NODE,Extra-Abdominal Lymph Node,
C74456,C32573,EXTRAHEPATIC BILE DUCT,EXTRAHEPATIC BILE DUCT,Extrahepatic Bile Duct,
C74456,C174319,EXTRAHEPATIC PERIHILAR BILE DUCT REGION,EXTRAHEPATIC PERIHILAR BILE DUCT REGION,Extrahepatic Perihilar Bile Duct Region,
C74456,C202395,EXTRANODAL REGION,EXTRANODAL REGION,Extranodal Region,
C74456,C33199,EXTRAOCULAR MUSCLE,EXTRAOCULAR MUSCLE,Extraocular Muscle,Oculomotor Muscle
C74456,C176325,EYE BULGE,EYE BULGE,Eye Bulge,
C74456,C12401,EYE,EYE,Eye,Eyeball
C74456,C12667,"EYE, ANTERIOR CHAMBER","EYE, ANTERIOR CHAMBER",Anterior Chamber of the Eye,
C74456,C12668,"EYE, ANTERIOR SEGMENT","EYE, ANTERIOR SEGMENT",Anterior Eye Segment,
C74456,C33885,"EYE, VITREOUS CHAMBER","EYE, VITREOUS CHAMBER",Vitreous Chamber,Postremal Chamber
C74456,C32575,EYEBROW,EYEBROW,Eyebrow,
C74456,C32576,EYELASH,EYELASH,Eyelash,
C74456,C12713,EYELID,EYELID,Eyelid,Palpebra
C74456,C13071,FACE,FACE,Face,
C74456,C32577,FACET JOINT,FACET JOINT,Facet Joint,Facet Joint
C74456,C63706,FACIAL BONE,FACIAL BONE,Facial Bone,Facial Bone
C74456,C13073,FACIAL MUSCLE,FACIAL MUSCLE,Facial Muscle,Mimetic Muscles
C74456,C12714,FACIAL NERVE,FACIAL NERVE,Facial Nerve,Seventh Cranial Nerve
C74456,C32582,FALCIFORM LIGAMENT,FALCIFORM LIGAMENT,Falciform Ligament,
C74456,C12403,FALLOPIAN TUBE,FALLOPIAN TUBE,Fallopian Tube,Fallopian Tube
C74456,C13108,FASCIA,FASCIA,Fascia,
C74456,C176326,FAT PAD,FAT PAD,Fat Pad,
C74456,C181454,FAUCES,FAUCES,Oropharyngeal Isthmus,Isthmus of Fauces; Oropharyngeal Isthmus
C74456,C61600,FEMALE GENITALIA,FEMALE GENITALIA,Female Genitalia,Female Genitalia
C74456,C12402,FEMALE REPRODUCTIVE SYSTEM,FEMALE REPRODUCTIVE SYSTEM,Female Reproductive System,
C74456,C12715,FEMORAL ARTERY,FEMORAL ARTERY,Femoral Artery,
C74456,C114186,FEMORAL CONDYLE,FEMORAL CONDYLE,Femoral Condyle,
C74456,C32718,FEMORAL HEAD,FEMORAL HEAD,Head of the Femur,Femur Head
C74456,C98183,FEMORAL LYMPH NODE,FEMORAL LYMPH NODE,Femoral Lymph Node,
C74456,C61563,FEMORAL NECK,FEMORAL NECK,Femoral Neck,Femoral Neck
C74456,C12716,FEMORAL VEIN,FEMORAL VEIN,Femoral Vein,
C74456,C116167,FEMORO-POPLITEAL PERIPHERAL ARTERY,FEMORO-POPLITEAL PERIPHERAL ARTERY,Femoropopliteal Artery Segment,
C74456,C96209,FEMUR SHAFT,FEMUR SHAFT,Femoral Shaft,
C74456,C12717,FEMUR,FEMUR,Femur,"Bone, Femoral"
C74456,C120670,FIBULA SHAFT,FIBULA SHAFT,Fibular Shaft,
C74456,C12718,FIBULA,FIBULA,Fibula,
C74456,C154772,FIBULAR VEIN,FIBULAR VEIN,Fibular Vein,
C74456,C163516,FINGER EXTENSOR MUSCLES,FINGER EXTENSOR MUSCLES,Finger Extensors,
C74456,C161384,FINGER EXTENSOR TENDONS,FINGER EXTENSOR TENDONS,Finger Extensor Tendons,
C74456,C163517,FINGER FLEXOR MUSCLES,FINGER FLEXOR MUSCLES,Finger Flexors,
C74456,C161383,FINGER FLEXOR TENDONS,FINGER FLEXOR TENDONS,Finger Flexor Tendons,
C74456,C32608,FINGER,FINGER,Finger,Finger
C74456,C32609,FINGERNAIL,FINGERNAIL,Fingernail,Fingernail
C74456,C187834,FINGERTIP,FINGERTIP,Fingertip,
C74456,C102297,FIRST DIAGONAL BRANCH ARTERY,FIRST DIAGONAL BRANCH ARTERY,First Diagonal Branch Artery,1ST DIAG; FIRST DIAGONAL BRANCH ARTERY SEGMENT
C74456,C139197,FIRST DORSAL INTEROSSEOUS MUSCLE OF THE FOOT,FIRST DORSAL INTEROSSEOUS MUSCLE OF THE FOOT,First Dorsal Interosseous Muscle of the Foot,
C74456,C139198,FIRST DORSAL INTEROSSEOUS MUSCLE OF THE HAND,FIRST DORSAL INTEROSSEOUS MUSCLE OF THE HAND,First Dorsal Interosseous Muscle of the Hand,
C74456,C102298,FIRST LEFT POSTEROLATERAL BRANCH ARTERY,FIRST LEFT POSTEROLATERAL BRANCH ARTERY,First Left Posterolateral Branch Artery,1ST LPL; FIRST LEFT POSTEROLATERAL BRANCH ARTERY SEGMENT
C74456,C102299,FIRST OBTUSE MARGINAL BRANCH ARTERY,FIRST OBTUSE MARGINAL BRANCH ARTERY,First Obtuse Marginal Branch Artery,1ST OM; FIRST OBTUSE MARGINAL BRANCH ARTERY SEGMENT
C74456,C102300,FIRST RIGHT POSTEROLATERAL ARTERY,FIRST RIGHT POSTEROLATERAL ARTERY,First Right Posterolateral Artery,1ST RPL; FIRST RIGHT POSTEROLATERAL ARTERY SEGMENT
C74456,C93028,FLANK,FLANK,Flank,
C74456,C53155,FLEXOR CARPI RADIALIS MUSCLE,FLEXOR CARPI RADIALIS MUSCLE,Flexor Carpi Radialis,
C74456,C53156,FLEXOR CARPI ULNARIS MUSCLE,FLEXOR CARPI ULNARIS MUSCLE,Flexor Carpi Ulnaris,
C74456,C163518,FLEXOR DIGITORUM BREVIS MUSCLE,FLEXOR DIGITORUM BREVIS MUSCLE,Flexor Digitorum Brevis Muscle,
C74456,C52921,FLEXOR DIGITORUM LONGUS MUSCLE,FLEXOR DIGITORUM LONGUS MUSCLE,Flexor Digitorum Longus,
C74456,C52923,FLEXOR DIGITORUM PROFUNDUS MUSCLE,FLEXOR DIGITORUM PROFUNDUS MUSCLE,Flexor Digitorum Profundus,
C74456,C150850,FLEXOR DIGITORUM SUPERFICIALIS MUSCLE,FLEXOR DIGITORUM SUPERFICIALIS MUSCLE,Flexor Digitorum Superficialis Muscle,
C74456,C165998,FLEXOR HALLUCIS BREVIS MUSCLE,FLEXOR HALLUCIS BREVIS MUSCLE,Flexor Hallucis Brevis Muscle,
C74456,C52925,FLEXOR HALLUCIS LONGUS MUSCLE,FLEXOR HALLUCIS LONGUS MUSCLE,Flexor Hallucis Longus,
C74456,C186116,FLEXOR POLLICIS BREVIS MUSCLE,FLEXOR POLLICIS BREVIS MUSCLE,Flexor Pollicis Brevis Muscle,
C74456,C150851,FLEXOR POLLICIS LONGUS MUSCLE,FLEXOR POLLICIS LONGUS MUSCLE,Flexor Pollicis Longus Muscle,
C74456,C54187,FLOOR OF MOUTH,FLOOR OF MOUTH,Floor of Mouth,
C74456,C32621,FONTANELLE,FONTANELLE,Fontanelle,Fontanel; Soft Spot
C74456,C52839,FOOT DIGIT 1,FOOT DIGIT 1,Foot Digit 1,Big Toe
C74456,C52840,FOOT DIGIT 2,FOOT DIGIT 2,Foot Digit 2,Index Toe
C74456,C52841,FOOT DIGIT 3,FOOT DIGIT 3,Foot Digit 3,Middle Toe
C74456,C52842,FOOT DIGIT 4,FOOT DIGIT 4,Foot Digit 4,Fourth Toe
C74456,C52843,FOOT DIGIT 5,FOOT DIGIT 5,Foot Digit 5,Little Toe
C74456,C52772,FOOT PHALANX,FOOT PHALANX,Foot Phalanx,Foot Phalanx
C74456,C32622,FOOT,FOOT,Foot,
C74456,C186117,FOREARM PRONATOR MUSCLES,FOREARM PRONATOR MUSCLES,Forearm Pronator Muscles,
C74456,C32628,FOREARM,FOREARM,Forearm,Forearm
C74456,C40185,FOREBRAIN,FOREBRAIN,Forebrain,
C74456,C89803,FOREHEAD,FOREHEAD,Forehead,Forehead
C74456,C176321,FORELIMB,FORELIMB,Fore Limb,
C74456,C186118,FOREPAW PHALANX,FOREPAW PHALANX,Forepaw Phalanx,Forepaw Phalange
C74456,C33049,FORESKIN,FORESKIN,Male Prepuce,Male Prepuce
C74456,C26463,FOVEA,FOVEA,Fovea Centralis,Fovea Centralis
C74456,C32635,FRONTAL BONE,FRONTAL BONE,Frontal Bone,
C74456,C177766,FRONTAL CORTEX,FRONTAL CORTEX,Frontal Lobe Cortex,
C74456,C12352,FRONTAL LOBE,FRONTAL LOBE,Frontal Lobe,Frontal Lobe
C74456,C12277,FRONTAL SINUS,FRONTAL SINUS,Frontal Sinus,Frontal Sinus
C74456,C186119,FRONTALIS MUSCLE,FRONTALIS MUSCLE,Frontalis Muscle,
C74456,C225632,FRONTO-PARIETAL REGION,FRONTO-PARIETAL REGION,Fronto-Parietal Region,
C74456,C225633,FRONTO-TEMPORAL REGION,FRONTO-TEMPORAL REGION,Fronto-Temporal Region,
C74456,C135172,FUNDUS OF THE EYE,FUNDUS OF THE EYE,Eye Fundus,
C74456,C12257,FUNDUS OF THE STOMACH,FUNDUS OF THE STOMACH,Fundus of the Stomach,
C74456,C12315,FUNDUS UTERI,FUNDUS UTERI,Fundus Uteri,
C74456,C12377,GALLBLADDER,GALLBLADDER,Gallbladder,
C74456,C12719,GANGLION,GANGLION,Ganglion,Ganglia; Ganglion; Neural Ganglion
C74456,C12256,GASTRIC CARDIA,GASTRIC CARDIA,Gastric Cardia,
C74456,C154773,GASTRIC CURVATURE LYMPH NODE,GASTRIC CURVATURE LYMPH NODE,Gastric Curvature Lymph Node,
C74456,C32656,GASTRIC MUCOSA,GASTRIC MUCOSA,Gastric Mucosa,Stomach Mucosa
C74456,C32666,GASTROCNEMIUS MUSCLE,GASTROCNEMIUS MUSCLE,Gastrocnemius Muscle,
C74456,C163519,"GASTROCNEMIUS MUSCLE, LATERAL HEAD","GASTROCNEMIUS MUSCLE, LATERAL HEAD",Lateral Head of Gastrocnemius Muscle,
C74456,C163520,"GASTROCNEMIUS MUSCLE, MEDIAL HEAD","GASTROCNEMIUS MUSCLE, MEDIAL HEAD",Medial Head of Gastrocnemius Muscle,
C74456,C32668,GASTROESOPHAGEAL JUNCTION,GASTROESOPHAGEAL JUNCTION,Gastroesophageal Junction,Gastroesophageal Junction
C74456,C12378,GASTROINTESTINAL SYSTEM,GASTROINTESTINAL SYSTEM,Digestive System,Gastrointestinal System
C74456,C34082,GASTROINTESTINAL TRACT,GASTROINTESTINAL TRACT,Gastrointestinal Tract,Gastrointestinal Tract
C74456,C33010,"GASTROINTESTINAL TRACT, LOWER","GASTROINTESTINAL TRACT, LOWER",Lower Gastrointestinal Tract,Lower Gastrointestinal Tract
C74456,C176241,"GASTROINTESTINAL TRACT, LOWER, WALL","GASTROINTESTINAL TRACT, LOWER, WALL",Lower Gastrointestinal Tract Wall,
C74456,C33837,"GASTROINTESTINAL TRACT, UPPER","GASTROINTESTINAL TRACT, UPPER",Upper Gastrointestinal Tract,Upper Gastrointestinal Tract
C74456,C176314,"GASTROINTESTINAL TRACT, UPPER, WALL","GASTROINTESTINAL TRACT, UPPER, WALL",Upper Gastrointestinal Tract Wall,
C74456,C176233,"GASTROINTESTINAL TRACT, WALL","GASTROINTESTINAL TRACT, WALL",Gastrointestinal Tract Wall,
C74456,C52928,GENIOGLOSSUS MUSCLE,GENIOGLOSSUS MUSCLE,Genioglossus,
C74456,C176324,GENITAL TUBERCLE,GENITAL TUBERCLE,Genital Tubercle,
C74456,C25177,GENITALIA,GENITALIA,Genitalia,
C74456,C12810,GENITOURINARY SYSTEM,GENITOURINARY SYSTEM,Genitourinary System,
C74456,C32677,GINGIVA,GINGIVA,Gingiva,Gum
C74456,C139199,GINGIVAL MUCOSA,GINGIVAL MUCOSA,Gingival Mucosa,
C74456,C32682,GLENOID FOSSA,GLENOID FOSSA,Glenoid Fossa,Glenoid Fossa
C74456,C12449,GLOBUS PALLIDUS,GLOBUS PALLIDUS,Globus Pallidus,
C74456,C13250,GLOMERULUS,GLOMERULUS,Glomerulus,
C74456,C12723,GLOSSOPHARYNGEAL NERVE,GLOSSOPHARYNGEAL NERVE,Glossopharyngeal Nerve,
C74456,C12724,GLOTTIS,GLOTTIS,Glottis,Glottis
C74456,C128630,"GLOTTIS, ANTERIOR COMMISSURE","GLOTTIS, ANTERIOR COMMISSURE",Laryngeal Anterior Commissure,Laryngeal Anterior Commissure
C74456,C164282,"GLOTTIS, POSTERIOR COMMISSURE","GLOTTIS, POSTERIOR COMMISSURE",Laryngeal Posterior Commissure,Laryngeal Posterior Commissure
C74456,C78205,GLUTEAL MUSCLE,GLUTEAL MUSCLE,Gluteal Muscle,
C74456,C52560,GLUTEUS MAXIMUS,GLUTEUS MAXIMUS,Gluteus Maximus,
C74456,C52933,GLUTEUS MEDIUS,GLUTEUS MEDIUS,Gluteus Medius,
C74456,C12725,GONAD,GONAD,Gonad,
C74456,C52935,GRACILIS MUSCLE,GRACILIS MUSCLE,Gracilis,
C74456,C33004,GREAT SAPHENOUS VEIN,GREAT SAPHENOUS VEIN,Long Saphenous Vein,Long Saphenous Vein
C74456,C32698,GREAT TROCHANTER,GREAT TROCHANTER,Great Trochanter,Great Trochanter
C74456,C102955,GREAT VESSELS,GREAT VESSELS,Great Blood Vessel,
C74456,C12262,GREATER CURVATURE OF THE STOMACH,GREATER CURVATURE OF THE STOMACH,Greater Curvature of the Stomach,Greater Curvature of the Stomach
C74456,C12936,GUT-ASSOCIATED LYMPHOID TISSUE,GUT-ASSOCIATED LYMPHOID TISSUE,Gut-Associated Lymphoid Tissue,GALT
C74456,C32706,HAIR BULB,HAIR BULB,Hair Bulb,
C74456,C13317,HAIR FOLLICLE,HAIR FOLLICLE,Hair Follicle,
C74456,C32711,HAIR ROOT,HAIR ROOT,Hair Root,
C74456,C33543,HAIR SHAFT,HAIR SHAFT,Shaft of the Hair,Shaft of the Hair
C74456,C32705,HAIR,HAIR,Hair,Hair
C74456,C12860,HAMATE BONE,HAMATE BONE,Hamate Bone,Hamate Bone
C74456,C53042,HAMSTRING MUSCLE,HAMSTRING MUSCLE,Hamstring,
C74456,C178000,HAND DIGIT 1 ARTERY,HAND DIGIT 1 ARTERY,Hand Digit 1 Artery,Thumb Artery
C74456,C52834,HAND DIGIT 1,HAND DIGIT 1,Hand Digit 1,Thumb
C74456,C177996,HAND DIGIT 2 ARTERY,HAND DIGIT 2 ARTERY,Hand Digit 2 Artery,Index Finger Artery
C74456,C52835,HAND DIGIT 2,HAND DIGIT 2,Hand Digit 2,Index Finger
C74456,C177998,HAND DIGIT 3 ARTERY,HAND DIGIT 3 ARTERY,Hand Digit 3 Artery,Middle Finger Artery
C74456,C52836,HAND DIGIT 3,HAND DIGIT 3,Hand Digit 3,Middle Finger
C74456,C177999,HAND DIGIT 4 ARTERY,HAND DIGIT 4 ARTERY,Hand Digit 4 Artery,Ring Finger Artery
C74456,C52837,HAND DIGIT 4,HAND DIGIT 4,Hand Digit 4,Ring Finger
C74456,C177997,HAND DIGIT 5 ARTERY,HAND DIGIT 5 ARTERY,Hand Digit 5 Artery,Little Finger Artery
C74456,C52838,HAND DIGIT 5,HAND DIGIT 5,Hand Digit 5,Little Finger
C74456,C52771,HAND PHALANX,HAND PHALANX,Hand Phalanx,Hand Phalanx
C74456,C32712,HAND,HAND,Hand,Hand
C74456,C12230,HARD PALATE,HARD PALATE,Hard Palate,
C74456,C12418,HEAD AND NECK,HEAD AND NECK,Head and Neck,
C74456,C32719,HEAD OF THE FIBULA,HEAD OF THE FIBULA,Head of the Fibula,Fibular Head
C74456,C32720,HEAD OF THE HUMERUS,HEAD OF THE HUMERUS,Head of the Humerus,Head of the Humerus
C74456,C225634,HEAD SOFT TISSUE,HEAD SOFT TISSUE,Head Soft Tissue,
C74456,C12419,HEAD,HEAD,Head,
C74456,C12727,HEART,HEART,Heart,
C74456,C32126,"HEART, APEX","HEART, APEX",Apex of the Heart,Apex of the Heart
C74456,C12728,"HEART, ATRIUM","HEART, ATRIUM",Cardiac Atrium,Cardiac Atrium
C74456,C48589,"HEART, BASE","HEART, BASE",Base of the Heart,Base of the Heart
C74456,C34241,"HEART, FORAMEN OVALE","HEART, FORAMEN OVALE",Foramen Ovale of the Fetal Heart,
C74456,C127643,"HEART, LEFT ATRIAL APPENDAGE","HEART, LEFT ATRIAL APPENDAGE",Left Atrial Appendage,
C74456,C12869,"HEART, LEFT ATRIUM","HEART, LEFT ATRIUM",Left Atrium,
C74456,C12871,"HEART, LEFT VENTRICLE","HEART, LEFT VENTRICLE",Left Ventricle,Left Ventricle
C74456,C221579,"HEART, LEFT VENTRICLE, APEX SHORT AXIS","HEART, LEFT VENTRICLE, APEX SHORT AXIS",Left Ventricle Apex Short Axis,
C74456,C221577,"HEART, LEFT VENTRICLE, BASE SHORT AXIS","HEART, LEFT VENTRICLE, BASE SHORT AXIS",Left Ventricle Base Short Axis,
C74456,C221578,"HEART, LEFT VENTRICLE, MID-LEVEL SHORT AXIS","HEART, LEFT VENTRICLE, MID-LEVEL SHORT AXIS",Left Ventricle Mid-level Short Axis,
C74456,C127644,"HEART, LEFT VENTRICULAR OUTFLOW TRACT","HEART, LEFT VENTRICULAR OUTFLOW TRACT",Left Ventricular Outflow Tract,
C74456,C127645,"HEART, LEFT VENTRICULAR WALL","HEART, LEFT VENTRICULAR WALL",Left Ventricular Wall,
C74456,C127646,"HEART, RIGHT ATRIAL APPENDAGE","HEART, RIGHT ATRIAL APPENDAGE",Right Atrial Appendage,
C74456,C12868,"HEART, RIGHT ATRIUM","HEART, RIGHT ATRIUM",Right Atrium,
C74456,C12870,"HEART, RIGHT VENTRICLE","HEART, RIGHT VENTRICLE",Right Ventricle,Right Ventricle
C74456,C201433,"HEART, RIGHT VENTRICLE, BASE","HEART, RIGHT VENTRICLE, BASE",Base of the Right Ventricle,
C74456,C201434,"HEART, RIGHT VENTRICLE, MID-LEVEL","HEART, RIGHT VENTRICLE, MID-LEVEL",Mid Level Right Ventricle,
C74456,C127647,"HEART, RIGHT VENTRICULAR FREE WALL","HEART, RIGHT VENTRICULAR FREE WALL",Right Ventricular Free Wall,
C74456,C127648,"HEART, RIGHT VENTRICULAR OUTFLOW TRACT","HEART, RIGHT VENTRICULAR OUTFLOW TRACT",Right Ventricular Outflow Tract,
C74456,C127649,"HEART, RIGHT VENTRICULAR WALL","HEART, RIGHT VENTRICULAR WALL",Right Ventricular Wall,
C74456,C49485,"HEART, SEPTUM","HEART, SEPTUM",Heart Septum,Cardiac Septum
C74456,C12730,"HEART, VENTRICLE","HEART, VENTRICLE",Cardiac Ventricle,Cardiac Ventricle
C74456,C186120,"HEART, VENTRICULAR CHAMBER","HEART, VENTRICULAR CHAMBER","Heart, Ventricular Chamber",
C74456,C119295,"HEART, VENTRICULAR WALL","HEART, VENTRICULAR WALL",Ventricular Wall of the Heart,
C74456,C161381,HEEL OF THE FOOT,HEEL OF THE FOOT,Heel of the Foot,
C74456,C161382,HEEL OF THE HAND,HEEL OF THE HAND,Heel of the Hand,Heel of the Palm
C74456,C32729,HEPATIC ARTERY,HEPATIC ARTERY,Common Hepatic Artery,
C74456,C77640,HEPATIC LYMPH NODE,HEPATIC LYMPH NODE,Hepatic Lymph Node,
C74456,C32736,HEPATIC VEIN,HEPATIC VEIN,Hepatic Vein,
C74456,C43612,HEPATOBILIARY SYSTEM,HEPATOBILIARY SYSTEM,Hepatobiliary System,
C74456,C98187,HILAR LYMPH NODE,HILAR LYMPH NODE,Pulmonary Hilar Lymph Node,
C74456,C25724,HILAR,HILAR,Hilar,Hilar
C74456,C77625,HINDLIMB,HINDLIMB,Hind Limb,
C74456,C186121,HINDPAW PHALANX,HINDPAW PHALANX,Hindpaw Phalanx,Hindpaw Phalange
C74456,C204656,HIP ABDUCTOR MUSCLES,HIP ABDUCTOR MUSCLES,Hip Abductor Muscles,
C74456,C204657,HIP ADDUCTOR MUSCLES,HIP ADDUCTOR MUSCLES,Hip Adductor Muscles,
C74456,C53039,HIP ADDUCTORS,HIP ADDUCTORS,Adductor Group of the Leg,
C74456,C204660,HIP EXTENSOR MUSCLES,HIP EXTENSOR MUSCLES,Hip Extensor Muscles,
C74456,C186122,HIP FLEXOR MUSCLES,HIP FLEXOR MUSCLES,Hip Flexor Muscles,
C74456,C32742,HIP JOINT,HIP JOINT,Hip Joint,Coxofemoral Joint; Hip Joint
C74456,C64193,HIP,HIP,Hip,Hip
C74456,C12444,HIPPOCAMPUS,HIPPOCAMPUS,Hippocampus,
C74456,C114187,HUMERAL EPICONDYLE,HUMERAL EPICONDYLE,Humeral Epicondyle,
C74456,C120671,HUMERUS SHAFT,HUMERUS SHAFT,Humeral Shaft,
C74456,C12731,HUMERUS,HUMERUS,Humerus,"Bone, Humeral"
C74456,C165999,HYMENAL RING,HYMENAL RING,Hymenal Ring,
C74456,C32752,HYOID BONE,HYOID BONE,Hyoid Bone,Hyoid Bone
C74456,C12732,HYPOGLOSSAL NERVE,HYPOGLOSSAL NERVE,Hypoglossal Nerve,
C74456,C12246,HYPOPHARYNX,HYPOPHARYNX,Hypopharynx,Hypopharynx
C74456,C12458,HYPOTHALAMUS,HYPOTHALAMUS,Hypothalamus,
C74456,C178001,ILEOCECAL JUNCTION,ILEOCECAL JUNCTION,Ileocecal Junction,Ileocecal Region
C74456,C225635,ILEOCOLIC LYMPH NODE,ILEOCOLIC LYMPH NODE,Ileocolic Lymph Node,
C74456,C176318,ILEUM LYMPH NODE,ILEUM LYMPH NODE,Ileum Lymph Node,
C74456,C176316,ILEUM WALL,ILEUM WALL,Ileum Wall,
C74456,C12387,ILEUM,ILEUM,Ileum,
C74456,C33757,"ILEUM, TERMINAL","ILEUM, TERMINAL",Terminal Ileum,Terminal Ileum
C74456,C103818,ILIAC CREST,ILIAC CREST,Iliac Crest,
C74456,C103454,ILIAC FOSSA,ILIAC FOSSA,Iliac Fossa,
C74456,C32761,ILIAC LYMPH NODE,ILIAC LYMPH NODE,Iliac Lymph Node,
C74456,C12734,ILIAC VEIN,ILIAC VEIN,Iliac Vein,
C74456,C32764,ILIOPSOAS MUSCLE,ILIOPSOAS MUSCLE,Iliopsoas Muscle,
C74456,C139207,ILIOTIBIAL BAND,ILIOTIBIAL BAND,Iliotibial Band,
C74456,C32765,ILIUM,ILIUM,Ilium,Ilium
C74456,C32769,INCISOR,INCISOR,Incisor,
C74456,C32770,INCUS,INCUS,Incus,Incus
C74456,C113695,INFERIOR MEDIASTINAL LYMPH NODE,INFERIOR MEDIASTINAL LYMPH NODE,Inferior Mediastinal Lymph Node,
C74456,C132392,INFERIOR PUBIC RAMUS,INFERIOR PUBIC RAMUS,Inferior Pubic Ramus,
C74456,C32791,INFERIOR TEMPORAL GYRUS,INFERIOR TEMPORAL GYRUS,Inferior Temporal Gyrus,
C74456,C12815,INFERIOR VENA CAVA,INFERIOR VENA CAVA,Inferior Vena Cava,Caudal Vena Cava; Posterior Vena Cava
C74456,C63705,INFRACLAVICULAR LYMPH NODE,INFRACLAVICULAR LYMPH NODE,Infraclavicular Lymph Node,Infraclavicular Lymph Node; Subclavicular Lymph Node
C74456,C116179,INFRARENAL AORTA,INFRARENAL AORTA,Infrarenal Aortic Segment,
C74456,C32797,INFRASPINATUS MUSCLE,INFRASPINATUS MUSCLE,Infraspinatus,
C74456,C209625,INFRASPINATUS TENDON,INFRASPINATUS TENDON,Infraspinatus Tendon,
C74456,C12509,INFRATENTORIAL BRAIN,INFRATENTORIAL BRAIN,Infratentorial Brain,
C74456,C32801,INGUINAL LYMPH NODE,INGUINAL LYMPH NODE,Inguinal Lymph Node,
C74456,C12726,INGUINAL REGION,INGUINAL REGION,Inguinal Region,Groin
C74456,C32278,INSULAR CORTEX,INSULAR CORTEX,Central Lobe,Central Lobe
C74456,C32818,INTERATRIAL SEPTUM,INTERATRIAL SEPTUM,Interatrial Septum,"Atrial Septum; Heart, Atrial Septum"
C74456,C32845,INTERNAL ILIAC ARTERY,INTERNAL ILIAC ARTERY,Internal Iliac Artery,
C74456,C88142,INTERNAL ILIAC LYMPH NODE,INTERNAL ILIAC LYMPH NODE,Internal Iliac Lymph Node,
C74456,C52941,INTERNAL MAMMARY ARTERY,INTERNAL MAMMARY ARTERY,Internal Mammary Artery,
C74456,C32853,INTERNAL MAMMARY LYMPH NODE,INTERNAL MAMMARY LYMPH NODE,Internal Mammary Lymph Node,
C74456,C186123,INTERPARIETAL BONE,INTERPARIETAL BONE,Interparietal Bone,
C74456,C114200,INTERPHALANGEAL JOINT 1 OF THE FOOT,INTERPHALANGEAL JOINT 1 OF THE FOOT,Interphalangeal Joint 1 of the Foot,IP1 of the Foot
C74456,C102301,INTERPHALANGEAL JOINT 1,INTERPHALANGEAL JOINT 1,Interphalangeal Joint 1,IP1
C74456,C114201,INTERPHALANGEAL JOINT 2 OF THE FOOT,INTERPHALANGEAL JOINT 2 OF THE FOOT,Interphalangeal Joint 2 of the Foot,IP2 of the Foot
C74456,C114190,INTERPHALANGEAL JOINT 2 OF THE HAND,INTERPHALANGEAL JOINT 2 OF THE HAND,Interphalangeal Joint 2 of the Hand,IP2 of the Hand
C74456,C102302,INTERPHALANGEAL JOINT 2,INTERPHALANGEAL JOINT 2,Interphalangeal Joint 2,IP2
C74456,C114202,INTERPHALANGEAL JOINT 3 OF THE FOOT,INTERPHALANGEAL JOINT 3 OF THE FOOT,Interphalangeal Joint 3 of the Foot,IP3 of the Foot
C74456,C114191,INTERPHALANGEAL JOINT 3 OF THE HAND,INTERPHALANGEAL JOINT 3 OF THE HAND,Interphalangeal Joint 3 of the Hand,IP3 of the Hand
C74456,C102303,INTERPHALANGEAL JOINT 3,INTERPHALANGEAL JOINT 3,Interphalangeal Joint 3,IP3
C74456,C114203,INTERPHALANGEAL JOINT 4 OF THE FOOT,INTERPHALANGEAL JOINT 4 OF THE FOOT,Interphalangeal Joint 4 of the Foot,IP4 of the Foot
C74456,C114192,INTERPHALANGEAL JOINT 4 OF THE HAND,INTERPHALANGEAL JOINT 4 OF THE HAND,Interphalangeal Joint 4 of the Hand,IP4 of the Hand
C74456,C102304,INTERPHALANGEAL JOINT 4,INTERPHALANGEAL JOINT 4,Interphalangeal Joint 4,IP4
C74456,C114204,INTERPHALANGEAL JOINT 5 OF THE FOOT,INTERPHALANGEAL JOINT 5 OF THE FOOT,Interphalangeal Joint 5 of the Foot,IP5 of the Foot
C74456,C114193,INTERPHALANGEAL JOINT 5 OF THE HAND,INTERPHALANGEAL JOINT 5 OF THE HAND,Interphalangeal Joint 5 of the Hand,IP5 of the Hand
C74456,C102305,INTERPHALANGEAL JOINT 5,INTERPHALANGEAL JOINT 5,Interphalangeal Joint 5,IP5
C74456,C32868,INTERPHALANGEAL JOINT OF THE HAND,INTERPHALANGEAL JOINT OF THE HAND,Interphalangeal Joint of the Hand,Interphalangeal Joint of the Hand
C74456,C32867,INTERPHALANGEAL OF THE FOOT,INTERPHALANGEAL OF THE FOOT,Interphalangeal Joint of the Foot,IP of the Foot
C74456,C102306,INTERPHALANGEAL THUMB JOINT,INTERPHALANGEAL THUMB JOINT,Interphalangeal Thumb Joint,Interphalangeal Joint 1 of the Hand; IP THUMB; IP1 of the Hand
C74456,C120672,INTERTROCHANTERIC REGION,INTERTROCHANTERIC REGION,Intertrochanteric Region,
C74456,C32874,INTERVENTRICULAR SEPTUM,INTERVENTRICULAR SEPTUM,Interventricular Septum,"Heart, Ventricular Septum; Interventricular Septal Wall; Ventricular Septum"
C74456,C49478,INTESTINAL WALL,INTESTINAL WALL,Intestinal Wall Tissue,
C74456,C12736,INTESTINE,INTESTINE,Intestine,
C74456,C12980,INTRACRANIAL ARTERY,INTRACRANIAL ARTERY,Intracranial Artery,
C74456,C12677,INTRAHEPATIC BILE DUCT,INTRAHEPATIC BILE DUCT,Intrahepatic Bile Duct,
C74456,C96803,INTRAHEPATIC LARGE BILE DUCT,INTRAHEPATIC LARGE BILE DUCT,Intrahepatic Large Bile Duct,Perihilar Bile Duct
C74456,C214699,INTRARETINAL SPACE,INTRARETINAL SPACE,Intraretinal Space,
C74456,C12359,INTRATHORACIC LYMPH NODE,INTRATHORACIC LYMPH NODE,Intrathoracic Lymph Node,
C74456,C12737,IRIS,IRIS,Iris,
C74456,C105446,ISCHIAL TUBEROSITY,ISCHIAL TUBEROSITY,Ischial Tuberosity,
C74456,C103455,ISCHIORECTAL FOSSA,ISCHIORECTAL FOSSA,Ischiorectal Fossa,
C74456,C32884,ISCHIUM,ISCHIUM,Ischium,Ischium
C74456,C48821,JAW,JAW,Jaw Bone,
C74456,C12388,JEJUNUM,JEJUNUM,Jejunum,
C74456,C13044,JOINT,JOINT,Joint,Articulation; Joint
C74456,C12738,JUGULAR VEIN,JUGULAR VEIN,Jugular Vein,Vena Jugularis
C74456,C186124,KIDNEY INTERPOLAR REGION,KIDNEY INTERPOLAR REGION,Kidney Interpolar Region,
C74456,C12415,KIDNEY,KIDNEY,Kidney,
C74456,C12739,"KIDNEY, CORTEX","KIDNEY, CORTEX",Renal Cortex,Renal Cortex
C74456,C32740,"KIDNEY, HILUM","KIDNEY, HILUM",Hilar Area of the Kidney,Hilar Area of the Kidney
C74456,C93180,"KIDNEY, LOWER POLE","KIDNEY, LOWER POLE",Lower Pole of Kidney,Lower Pole of the Kidney
C74456,C12740,"KIDNEY, MEDULLA","KIDNEY, MEDULLA",Renal Medulla,Renal Medulla
C74456,C93179,"KIDNEY, UPPER POLE","KIDNEY, UPPER POLE",Upper Pole of Kidney,Upper Pole of the Kidney
C74456,C204655,KNEE EXTENSOR MUSCLES,KNEE EXTENSOR MUSCLES,Knee Extensor Muscles,
C74456,C186125,KNEE FLEXOR MUSCLES,KNEE FLEXOR MUSCLES,Knee Flexor Muscles,
C74456,C161388,KNEE JOINT TENDONS,KNEE JOINT TENDONS,Knee Joint Tendons,
C74456,C32898,KNEE JOINT,KNEE JOINT,Knee Joint,"Femorotibial Joint; Joint, Stifle; Knee; Tibiofemoral Joint"
C74456,C225636,L1 DERMATOME,L1 DERMATOME,L1 Dermatome,L1 Nerve Root Dermatome
C74456,C32899,L1 VERTEBRA,L1 VERTEBRA,L1 Vertebra,L1 Vertebra
C74456,C225637,L2 DERMATOME,L2 DERMATOME,L2 Dermatome,L2 Nerve Root Dermatome
C74456,C32900,L2 VERTEBRA,L2 VERTEBRA,L2 Vertebra,L2 Vertebra
C74456,C112327,L2-L3 INTERVERTEBRAL SPACE,L2-L3 INTERVERTEBRAL SPACE,L2-L3 Intervertebral Space,
C74456,C225638,L3 DERMATOME,L3 DERMATOME,L3 Dermatome,L3 Nerve Root Dermatome
C74456,C32901,L3 VERTEBRA,L3 VERTEBRA,L3 Vertebra,L3 Vertebra
C74456,C112328,L3-L4 INTERVERTEBRAL SPACE,L3-L4 INTERVERTEBRAL SPACE,L3-L4 Intervertebral Space,
C74456,C225639,L4 DERMATOME,L4 DERMATOME,L4 Dermatome,L4 Nerve Root Dermatome
C74456,C32902,L4 VERTEBRA,L4 VERTEBRA,L4 Vertebra,L4 Vertebra
C74456,C142296,L4-L5 INTERVERTEBRAL SPACE,L4-L5 INTERVERTEBRAL SPACE,L4-L5 Intervertebral Space,
C74456,C225640,L5 DERMATOME,L5 DERMATOME,L5 Dermatome,L5 Nerve Root Dermatome
C74456,C32903,L5 VERTEBRA,L5 VERTEBRA,L5 Vertebra,L5 Vertebra
C74456,C154781,L5-S1 INTERVERTEBRAL SPACE,L5-S1 INTERVERTEBRAL SPACE,L5-S1 Intervertebral Space,
C74456,C120673,L6 VERTEBRA,L6 VERTEBRA,Extra Lumbar Vertebra,
C74456,C32906,LACRIMAL BONE,LACRIMAL BONE,Lacrimal Bone,Lacrimal Bone
C74456,C32907,LACRIMAL CANALICULUS,LACRIMAL CANALICULUS,Lacrimal Canaliculus,Canaliculus of the Eye
C74456,C12346,LACRIMAL GLAND,LACRIMAL GLAND,Lacrimal Gland,
C74456,C102313,LAD SEPTAL PERFORATOR ARTERY,LAD SEPTAL PERFORATOR ARTERY,Left Anterior Descending Septal Perforator Artery,LAD SEPTAL PERFORATOR ARTERY SEGMENTS; LAD SP
C74456,C12379,LARGE INTESTINE,LARGE INTESTINE,Large Intestine,Large Bowel
C74456,C12420,LARYNX,LARYNX,Larynx,
C74456,C102307,LATERAL FIRST DIAGONAL BRANCH ARTERY,LATERAL FIRST DIAGONAL BRANCH ARTERY,Lateral First Diagonal Branch Artery,LAT 1ST DIAG; LATERAL FIRST DIAGONAL BRANCH ARTERY SEGMENT
C74456,C102308,LATERAL FIRST OBTUSE MARGINAL BRANCH ARTERY,LATERAL FIRST OBTUSE MARGINAL BRANCH ARTERY,Lateral First Obtuse Marginal Branch Artery,First Obtuse Marginal Lateral Branch; LAT 1ST OM; LATERAL FIRST OBTUSE MARGINAL BRANCH ARTERY SEGMENT
C74456,C139202,LATERAL HUMERAL EPICONDYLE,LATERAL HUMERAL EPICONDYLE,Lateral Humeral Epicondyle,
C74456,C102309,LATERAL RAMUS INTERMEDIUS ARTERY,LATERAL RAMUS INTERMEDIUS ARTERY,Lateral Ramus Intermedius Artery,LAT RAMUS; LATERAL RAMUS INTERMEDIUS ARTERY SEGMENT
C74456,C102310,LATERAL SECOND DIAGONAL BRANCH ARTERY,LATERAL SECOND DIAGONAL BRANCH ARTERY,Lateral Second Diagonal Branch Artery,LAT 2ND DIAG; LATERAL SECOND DIAGONAL BRANCH ARTERY SEGMENT
C74456,C102311,LATERAL SECOND OBTUSE MARGINAL BRANCH ARTERY,LATERAL SECOND OBTUSE MARGINAL BRANCH ARTERY,Lateral Second Obtuse Marginal Branch Artery,LAT 2ND OM; LATERAL SECOND OBTUSE MARGINAL BRANCH ARTERY SEGMENT; Second Obtuse Marginal Lateral Branch
C74456,C102312,LATERAL THIRD DIAGONAL BRANCH ARTERY,LATERAL THIRD DIAGONAL BRANCH ARTERY,Lateral Third Diagonal Branch Artery,LAT 3RD DIAG; LATERAL THIRD DIAGONAL BRANCH ARTERY SEGMENT
C74456,C102425,LATERAL THIRD OBTUSE MARGINAL BRANCH ARTERY,LATERAL THIRD OBTUSE MARGINAL BRANCH ARTERY,Lateral Third Obtuse Marginal Branch Artery,LAT 3RD OM; LATERAL THIRD OBTUSE MARGINAL BRANCH ARTERY SEGMENT; Third Obtuse Marginal Lateral Branch
C74456,C33150,LATISSIMUS DORSI MUSCLE,LATISSIMUS DORSI MUSCLE,Musculus Latissimus Dorsi,Musculus Latissimus Dorsi
C74456,C116175,LEFT ANTERIOR DESCENDING ARTERY OSTIUM,LEFT ANTERIOR DESCENDING ARTERY OSTIUM,Left Anterior Descending Artery Ostium,
C74456,C221580,LEFT ATRIAL ENDOCARDIUM,LEFT ATRIAL ENDOCARDIUM,Left Atrial Endocardium,
C74456,C116177,LEFT ATRIOVENTRICULAR ARTERY,LEFT ATRIOVENTRICULAR ARTERY,Left Atrioventricular Artery,
C74456,C116176,LEFT CIRCUMFLEX ARTERY OSTIUM,LEFT CIRCUMFLEX ARTERY OSTIUM,Left Circumflex Artery Ostium,
C74456,C12874,LEFT CIRCUMFLEX CORONARY ARTERY,LEFT CIRCUMFLEX CORONARY ARTERY,Circumflex Branch of the Left Coronary Artery,
C74456,C116174,LEFT MAIN CORONARY ARTERY BIFURCATION,LEFT MAIN CORONARY ARTERY BIFURCATION,Left Main Coronary Artery Bifurcation,
C74456,C116173,LEFT MAIN CORONARY ARTERY BODY,LEFT MAIN CORONARY ARTERY BODY,Left Main Coronary Artery Body,
C74456,C116172,LEFT MAIN CORONARY ARTERY OSTIUM,LEFT MAIN CORONARY ARTERY OSTIUM,Left Main Coronary Artery Ostium,
C74456,C116178,LEFT POSTERIOR DESCENDING ARTERY,LEFT POSTERIOR DESCENDING ARTERY,Left Posterior Descending Artery,
C74456,C102314,LEFT POSTEROLATERAL DESCENDING ARTERY,LEFT POSTEROLATERAL DESCENDING ARTERY,Left Posterolateral Descending Artery,LEFT POSTEROLATERAL DESCENDING ARTERY SEGMENT; LPDA
C74456,C127650,LEFT VENTRICULAR APEX SEGMENT,LEFT VENTRICULAR APEX SEGMENT,Left Ventricular Apex Segment,
C74456,C127651,LEFT VENTRICULAR APICAL ANTERIOR SEGMENT,LEFT VENTRICULAR APICAL ANTERIOR SEGMENT,Left Ventricular Apical Anterior Segment,
C74456,C127652,LEFT VENTRICULAR APICAL INFERIOR SEGMENT,LEFT VENTRICULAR APICAL INFERIOR SEGMENT,Left Ventricular Apical Inferior Segment,
C74456,C127653,LEFT VENTRICULAR APICAL LATERAL SEGMENT,LEFT VENTRICULAR APICAL LATERAL SEGMENT,Left Ventricular Apical Lateral Segment,
C74456,C127654,LEFT VENTRICULAR APICAL SEPTAL SEGMENT,LEFT VENTRICULAR APICAL SEPTAL SEGMENT,Left Ventricular Apical Septal Segment,
C74456,C127655,LEFT VENTRICULAR BASAL ANTERIOR SEGMENT,LEFT VENTRICULAR BASAL ANTERIOR SEGMENT,Left Ventricular Basal Anterior Segment,
C74456,C127656,LEFT VENTRICULAR BASAL ANTEROLATERAL SEGMENT,LEFT VENTRICULAR BASAL ANTEROLATERAL SEGMENT,Left Ventricular Basal Anterolateral Segment,
C74456,C127657,LEFT VENTRICULAR BASAL ANTEROSEPTAL SEGMENT,LEFT VENTRICULAR BASAL ANTEROSEPTAL SEGMENT,Left Ventricular Basal Anteroseptal Segment,
C74456,C127658,LEFT VENTRICULAR BASAL INFERIOR SEGMENT,LEFT VENTRICULAR BASAL INFERIOR SEGMENT,Left Ventricular Basal Inferior Segment,
C74456,C127659,LEFT VENTRICULAR BASAL INFEROLATERAL SEGMENT,LEFT VENTRICULAR BASAL INFEROLATERAL SEGMENT,Left Ventricular Basal Inferolateral Segment,
C74456,C127660,LEFT VENTRICULAR BASAL INFEROSEPTAL SEGMENT,LEFT VENTRICULAR BASAL INFEROSEPTAL SEGMENT,Left Ventricular Basal Inferoseptal Segment,
C74456,C221581,LEFT VENTRICULAR ENDOCARDIUM,LEFT VENTRICULAR ENDOCARDIUM,Left Ventricular Endocardium,
C74456,C102315,LEFT VENTRICULAR EPICARDIUM,LEFT VENTRICULAR EPICARDIUM,Left Ventricular Epicardium,
C74456,C127661,LEFT VENTRICULAR MID ANTERIOR SEGMENT,LEFT VENTRICULAR MID ANTERIOR SEGMENT,Left Ventricular Mid Anterior Segment,
C74456,C127662,LEFT VENTRICULAR MID ANTEROLATERAL SEGMENT,LEFT VENTRICULAR MID ANTEROLATERAL SEGMENT,Left Ventricular Mid Anterolateral Segment,
C74456,C127663,LEFT VENTRICULAR MID ANTEROSEPTAL SEGMENT,LEFT VENTRICULAR MID ANTEROSEPTAL SEGMENT,Left Ventricular Mid Anteroseptal Segment,
C74456,C127664,LEFT VENTRICULAR MID INFERIOR SEGMENT,LEFT VENTRICULAR MID INFERIOR SEGMENT,Left Ventricular Mid Inferior Segment,
C74456,C127665,LEFT VENTRICULAR MID INFEROLATERAL SEGMENT,LEFT VENTRICULAR MID INFEROLATERAL SEGMENT,Left Ventricular Mid Inferolateral Segment,
C74456,C127666,LEFT VENTRICULAR MID INFEROSEPTAL SEGMENT,LEFT VENTRICULAR MID INFEROSEPTAL SEGMENT,Left Ventricular Mid Inferoseptal Segment,
C74456,C52749,LEG SKIN,LEG SKIN,Leg Skin,Leg Skin
C74456,C32974,LEG,LEG,Leg,Leg
C74456,C12743,LENS,LENS,Lens,Crystalline Lens; Ocular Lens
C74456,C32979,LEPTOMENINGES,LEPTOMENINGES,Leptomeninges,
C74456,C12261,LESSER CURVATURE OF THE STOMACH,LESSER CURVATURE OF THE STOMACH,Lesser Curvature of the Stomach,
C74456,C32982,LESSER TROCHANTER,LESSER TROCHANTER,Lesser Trochanter,
C74456,C13046,LIGAMENT,LIGAMENT,Ligament,Ligament
C74456,C12429,LIMB,LIMB,Limb,Extremity
C74456,C12742,"LIMB, LOWER","LIMB, LOWER",Lower Extremity,Lower Extremity
C74456,C12671,"LIMB, UPPER","LIMB, UPPER",Upper Extremity,Upper Extremity
C74456,C40373,LINGULA OF THE LUNG,LINGULA OF THE LUNG,Lingula of the Lung,
C74456,C12220,LIP,LIP,Lip,Lip; Vermillion of the Lip
C74456,C12222,"LIP, LOWER","LIP, LOWER",External Lower Lip,External Lower Lip
C74456,C12221,"LIP, UPPER","LIP, UPPER",External Upper Lip,External Upper Lip
C74456,C32996,LIVER FISSURE,LIVER FISSURE,Liver Fissure,Liver Fissure
C74456,C49579,LIVER LOBE,LIVER LOBE,Liver Lobe,
C74456,C12392,LIVER,LIVER,Liver,
C74456,C33000,"LIVER, CAUDATE LOBE","LIVER, CAUDATE LOBE",Caudate Lobe,Couinaud Segment I
C74456,C79733,"LIVER, LEFT LOBE ANTEROLATERAL SEGMENT","LIVER, LEFT LOBE ANTEROLATERAL SEGMENT",Left Anterolateral Segment,Couinaud Segment III
C74456,C79735,"LIVER, LEFT LOBE INFEROMEDIAL SEGMENT","LIVER, LEFT LOBE INFEROMEDIAL SEGMENT",Left Inferomedial Segment,Couinaud Segment IVb
C74456,C198297,"LIVER, LEFT LOBE MEDIAL SEGMENT","LIVER, LEFT LOBE MEDIAL SEGMENT",Left Medial Segment of Liver,Couinaud Segment IV
C74456,C79732,"LIVER, LEFT LOBE POSTEROLATERAL SEGMENT","LIVER, LEFT LOBE POSTEROLATERAL SEGMENT",Left Posterolateral Segment,Couinaud Segment II
C74456,C79734,"LIVER, LEFT LOBE SUPEROMEDIAL SEGMENT","LIVER, LEFT LOBE SUPEROMEDIAL SEGMENT",Left Superomedial Segment,Couinaud segment IVa
C74456,C32965,"LIVER, LEFT LOBE","LIVER, LEFT LOBE",Left Lobe of the Liver,
C74456,C112404,"LIVER, QUADRATE LOBE","LIVER, QUADRATE LOBE",Quadrate Lobe of Liver,
C74456,C79736,"LIVER, RIGHT LOBE ANTEROINFERIOR SEGMENT","LIVER, RIGHT LOBE ANTEROINFERIOR SEGMENT",Right Anteroinferior Segment,Couinaud Segment V
C74456,C79739,"LIVER, RIGHT LOBE ANTEROSUPERIOR SEGMENT","LIVER, RIGHT LOBE ANTEROSUPERIOR SEGMENT",Right Anterosuperior Segment,Couinaud Segment VIII
C74456,C79737,"LIVER, RIGHT LOBE POSTEROINFERIOR SEGMENT","LIVER, RIGHT LOBE POSTEROINFERIOR SEGMENT",Right Posteroinferior Segment,Couinaud Segment VI
C74456,C79738,"LIVER, RIGHT LOBE POSTEROSUPERIOR SEGMENT","LIVER, RIGHT LOBE POSTEROSUPERIOR SEGMENT",Right Posterosuperior Segment,Couinaud Segment VII
C74456,C33481,"LIVER, RIGHT LOBE","LIVER, RIGHT LOBE",Right Lobe of the Liver,
C74456,C97333,LOCUS CERULEUS,LOCUS CERULEUS,Locus Coeruleus,
C74456,C176234,LOWER GASTROINTESTINAL TRACT LYMPH NODE,LOWER GASTROINTESTINAL TRACT LYMPH NODE,Lower Gastrointestinal Tract Lymph Node,
C74456,C132512,LOWER JUGULAR LYMPH NODE,LOWER JUGULAR LYMPH NODE,Lower Jugular Lymph Node Group (Level IV),
C74456,C225641,LOWER LIMB SOFT TISSUE,LOWER LIMB SOFT TISSUE,Lower Limb Soft Tissue,
C74456,C33012,LOWER RESPIRATORY SYSTEM,LOWER RESPIRATORY SYSTEM,Lower Respiratory System,
C74456,C34004,LUMBAR REGION,LUMBAR REGION,Lumbar Region,
C74456,C69314,LUMBAR SPINE,LUMBAR SPINE,Lumbar Spine,
C74456,C12744,LUMBAR VERTEBRA,LUMBAR VERTEBRA,Lumbar Vertebra,Lumbar Vertebra
C74456,C48824,LUMBOSACRAL SPINE,LUMBOSACRAL SPINE,Lumbosacral Region,Lumbosacral Region
C74456,C186126,LUMBRICAL MUSCLES OF THE FOOT,LUMBRICAL MUSCLES OF THE FOOT,Lumbrical Muscles of the Foot,
C74456,C150852,LUMBRICAL MUSCLES OF THE HAND,LUMBRICAL MUSCLES OF THE HAND,Lumbrical Muscle,
C74456,C12786,LUNATE BONE,LUNATE BONE,Lunate Bone,Lunate Bone
C74456,C34021,LUNG LOBE,LUNG LOBE,Lung Lobe,
C74456,C12468,LUNG,LUNG,Lung,
C74456,C49282,"LUNG, HILUM","LUNG, HILUM",Hilar Area of the Lung,Hilar Area of the Lung
C74456,C33020,"LUNG, LEFT LOWER LOBE","LUNG, LEFT LOWER LOBE",Lower Lobe of the Left Lung,Lower Lobe of the Left Lung
C74456,C33021,"LUNG, LEFT UPPER LOBE","LUNG, LEFT UPPER LOBE",Upper Lobe of the Left Lung,Upper Lobe of the Left Lung
C74456,C32967,"LUNG, LEFT","LUNG, LEFT",Left Lung,Left Lung
C74456,C132393,"LUNG, LEFT, INFERIOR LOBE, ANTERIOR BASAL SEGMENT","LUNG, LEFT, INFERIOR LOBE, ANTERIOR BASAL SEGMENT","Left Lung, Inferior Lobe, Anterior Basal Segment",
C74456,C132394,"LUNG, LEFT, INFERIOR LOBE, LATERAL BASAL SEGMENT","LUNG, LEFT, INFERIOR LOBE, LATERAL BASAL SEGMENT","Left Lung, Inferior Lobe, Lateral Basal Segment",
C74456,C132395,"LUNG, LEFT, INFERIOR LOBE, MEDIAL BASAL SEGMENT","LUNG, LEFT, INFERIOR LOBE, MEDIAL BASAL SEGMENT","Left Lung, Inferior Lobe, Medial Basal Segment",
C74456,C132396,"LUNG, LEFT, INFERIOR LOBE, POSTERIOR BASAL SEGMENT","LUNG, LEFT, INFERIOR LOBE, POSTERIOR BASAL SEGMENT","Left Lung, Inferior Lobe, Posterior Basal Segment",
C74456,C132397,"LUNG, LEFT, INFERIOR LOBE, SUPERIOR SEGMENT","LUNG, LEFT, INFERIOR LOBE, SUPERIOR SEGMENT","Left Lung, Inferior Lobe, Superior Segment",
C74456,C132398,"LUNG, LEFT, SUPERIOR LOBE, ANTERIOR SEGMENT","LUNG, LEFT, SUPERIOR LOBE, ANTERIOR SEGMENT","Left Lung, Superior Lobe, Anterior Segment",
C74456,C132399,"LUNG, LEFT, SUPERIOR LOBE, APICOPOSTERIOR SEGMENT","LUNG, LEFT, SUPERIOR LOBE, APICOPOSTERIOR SEGMENT","Left Lung, Superior Lobe, Apicoposterior Segment",
C74456,C132400,"LUNG, LEFT, SUPERIOR LOBE, INFERIOR LINGULAR SEGMENT","LUNG, LEFT, SUPERIOR LOBE, INFERIOR LINGULAR SEGMENT","Left Lung, Superior Lobe, Inferior Lingular Segment",
C74456,C132401,"LUNG, LEFT, SUPERIOR LOBE, SUPERIOR LINGULAR SEGMENT","LUNG, LEFT, SUPERIOR LOBE, SUPERIOR LINGULAR SEGMENT","Left Lung, Superior Lobe, Superior Lingular Segment",
C74456,C33022,"LUNG, RIGHT LOWER LOBE","LUNG, RIGHT LOWER LOBE",Lower Lobe of the Right Lung,Lower Lobe of the Right Lung
C74456,C12286,"LUNG, RIGHT MIDDLE LOBE","LUNG, RIGHT MIDDLE LOBE",Middle Lobe of the Right Lung,Middle Lobe of the Right Lung
C74456,C33023,"LUNG, RIGHT UPPER LOBE","LUNG, RIGHT UPPER LOBE",Upper Lobe of the Right Lung,Upper Lobe of the Right Lung
C74456,C33483,"LUNG, RIGHT","LUNG, RIGHT",Right Lung,Right Lung
C74456,C132402,"LUNG, RIGHT, INFERIOR LOBE, ANTERIOR BASAL SEGMENT","LUNG, RIGHT, INFERIOR LOBE, ANTERIOR BASAL SEGMENT","Right Lung, Inferior Lobe, Anterior Basal Segment",
C74456,C132403,"LUNG, RIGHT, INFERIOR LOBE, LATERAL BASAL SEGMENT","LUNG, RIGHT, INFERIOR LOBE, LATERAL BASAL SEGMENT","Right Lung, Inferior Lobe, Lateral Basal Segment",
C74456,C132404,"LUNG, RIGHT, INFERIOR LOBE, MEDIAL BASAL SEGMENT","LUNG, RIGHT, INFERIOR LOBE, MEDIAL BASAL SEGMENT","Right Lung, Inferior Lobe, Medial Basal Segment",
C74456,C132405,"LUNG, RIGHT, INFERIOR LOBE, POSTERIOR BASAL SEGMENT","LUNG, RIGHT, INFERIOR LOBE, POSTERIOR BASAL SEGMENT","Right Lung, Inferior Lobe, Posterior Basal Segment",
C74456,C132406,"LUNG, RIGHT, INFERIOR LOBE, SUPERIOR SEGMENT","LUNG, RIGHT, INFERIOR LOBE, SUPERIOR SEGMENT","Right Lung, Inferior Lobe, Superior Segment",
C74456,C132407,"LUNG, RIGHT, MIDDLE LOBE, LATERAL SEGMENT","LUNG, RIGHT, MIDDLE LOBE, LATERAL SEGMENT","Right Lung, Middle Lobe, Lateral Segment",
C74456,C132408,"LUNG, RIGHT, MIDDLE LOBE, MEDIAL SEGMENT","LUNG, RIGHT, MIDDLE LOBE, MEDIAL SEGMENT","Right Lung, Middle Lobe, Medial Segment",
C74456,C132409,"LUNG, RIGHT, SUPERIOR LOBE, ANTERIOR SEGMENT","LUNG, RIGHT, SUPERIOR LOBE, ANTERIOR SEGMENT","Right Lung, Superior Lobe, Anterior Segment",
C74456,C132410,"LUNG, RIGHT, SUPERIOR LOBE, APICAL SEGMENT","LUNG, RIGHT, SUPERIOR LOBE, APICAL SEGMENT","Right Lung, Superior Lobe, Apical Segment",
C74456,C132411,"LUNG, RIGHT, SUPERIOR LOBE, POSTERIOR SEGMENT","LUNG, RIGHT, SUPERIOR LOBE, POSTERIOR SEGMENT","Right Lung, Superior Lobe, Posterior Segment",
C74456,C33031,LYMPH NODE HILUM,LYMPH NODE HILUM,Lymph Node Hilum,Lymph Node Hilum
C74456,C12745,LYMPH NODE,LYMPH NODE,Lymph Node,Lymphatic Gland
C74456,C26464,MACULA,MACULA,Macula,
C74456,C32968,"MAIN BRONCHUS, LEFT","MAIN BRONCHUS, LEFT",Left Main Bronchus,Left Main Bronchus
C74456,C33486,"MAIN BRONCHUS, RIGHT","MAIN BRONCHUS, RIGHT",Right Main Bronchus,Right Main Bronchus
C74456,C61599,MALE GENITALIA,MALE GENITALIA,Male Genitalia,Male Genitalia
C74456,C12722,MALE REPRODUCTIVE SYSTEM,MALE REPRODUCTIVE SYSTEM,Male Reproductive System,
C74456,C33051,MALLEUS,MALLEUS,Malleus,Malleus
C74456,C12367,MAMMARY GLAND,MAMMARY GLAND,Mammary Gland,
C74456,C12290,MANDIBLE,MANDIBLE,Mandible,"Bone, Mandibular; Inferior Maxillary Bone; Lower Jaw; Mandible"
C74456,C13074,MASSETER MUSCLE,MASSETER MUSCLE,Masseter Muscle,
C74456,C12503,MASTOID PROCESS,MASTOID PROCESS,Mastoid Process,Mastoid Process
C74456,C26470,MAXILLA,MAXILLA,Maxilla,
C74456,C12275,MAXILLARY SINUS,MAXILLARY SINUS,Maxillary Sinus,Maxillary Sinus
C74456,C201432,MECKELS CAVE,MECKELS CAVE,Trigeminal Cave,
C74456,C139204,MEDIAL FEMORAL CONDYLE,MEDIAL FEMORAL CONDYLE,Medial Femoral Condyle,
C74456,C139164,MEDIAL NASAL TURBINATE,MEDIAL NASAL TURBINATE,Medial Nasal Turbinate,Media Nasal Concha; Nasal Middle Turbinate
C74456,C33070,MEDIAN BASILIC VEIN,MEDIAN BASILIC VEIN,Median Basilic Vein,Median Cubital Vein
C74456,C52815,MEDIAN NERVE,MEDIAN NERVE,Median Nerve,
C74456,C103417,MEDIAN OR LOWER CERVICAL LYMPH NODE,MEDIAN OR LOWER CERVICAL LYMPH NODE,Median Or Lower Cervical Lymph Node,
C74456,C33073,MEDIASTINAL LYMPH NODE,MEDIASTINAL LYMPH NODE,Mediastinal Lymph Node,
C74456,C164004,MEDIASTINAL SOFT TISSUE,MEDIASTINAL SOFT TISSUE,Mediastinal Soft Tissue,
C74456,C12748,MEDIASTINUM,MEDIASTINUM,Mediastinum,
C74456,C32098,"MEDIASTINUM, ANTERIOR","MEDIASTINUM, ANTERIOR",Anterior Mediastinum,Anterior Mediastinum
C74456,C33123,"MEDIASTINUM, MIDDLE","MEDIASTINUM, MIDDLE",Middle Mediastinum,Middle Mediastinum
C74456,C33368,"MEDIASTINUM, POSTERIOR","MEDIASTINUM, POSTERIOR",Posterior Mediastinum,Posterior Mediastinum
C74456,C33684,"MEDIASTINUM, SUPERIOR","MEDIASTINUM, SUPERIOR",Superior Mediastinum,Superior Mediastinum
C74456,C12442,MEDULLA OBLONGATA,MEDULLA OBLONGATA,Medulla Oblongata,
C74456,C12348,MENINGES,MENINGES,Meninges,
C74456,C186127,MENTALIS MUSCLE,MENTALIS MUSCLE,Mentalis Muscle,
C74456,C52975,MESENTERIC ARTERY,MESENTERIC ARTERY,Mesenteric Artery,
C74456,C77641,MESENTERIC LYMPH NODE,MESENTERIC LYMPH NODE,Mesenteric Lymph Node,
C74456,C53055,MESENTERIC VEIN,MESENTERIC VEIN,Mesenteric Vein,
C74456,C33103,MESENTERY,MESENTERY,Mesentery,
C74456,C33105,MESOTHELIUM,MESOTHELIUM,Mesothelium,
C74456,C127667,METACARPAL 1 BASE,METACARPAL 1 BASE,Metacarpal 1 Base,
C74456,C52796,METACARPAL BONE 1,METACARPAL BONE 1,Metacarpal Bone Digit 1,
C74456,C52795,METACARPAL BONE 2,METACARPAL BONE 2,Metacarpal Bone Digit 2,
C74456,C52794,METACARPAL BONE 3,METACARPAL BONE 3,Metacarpal Bone Digit 3,
C74456,C52793,METACARPAL BONE 4,METACARPAL BONE 4,Metacarpal Bone Digit 4,
C74456,C52792,METACARPAL BONE 5,METACARPAL BONE 5,Metacarpal Bone Digit 5,
C74456,C12751,METACARPAL BONE,METACARPAL BONE,Metacarpal Bone,
C74456,C102316,METACARPOPHALANGEAL JOINT 1,METACARPOPHALANGEAL JOINT 1,Metacarpophalangeal Joint 1,MCP1
C74456,C102317,METACARPOPHALANGEAL JOINT 2,METACARPOPHALANGEAL JOINT 2,Metacarpophalangeal Joint 2,MCP2
C74456,C102318,METACARPOPHALANGEAL JOINT 3,METACARPOPHALANGEAL JOINT 3,Metacarpophalangeal Joint 3,MCP3
C74456,C102319,METACARPOPHALANGEAL JOINT 4,METACARPOPHALANGEAL JOINT 4,Metacarpophalangeal Joint 4,MCP4
C74456,C102320,METACARPOPHALANGEAL JOINT 5,METACARPOPHALANGEAL JOINT 5,Metacarpophalangeal Joint 5,MCP5
C74456,C12752,METATARSAL BONE,METATARSAL BONE,Metatarsal Bone,Metatarsal Bone
C74456,C102321,METATARSOPHALANGEAL JOINT 1,METATARSOPHALANGEAL JOINT 1,Metatarsophalangeal Joint 1,MTP1
C74456,C102322,METATARSOPHALANGEAL JOINT 2,METATARSOPHALANGEAL JOINT 2,Metatarsophalangeal Joint 2,MTP2
C74456,C102323,METATARSOPHALANGEAL JOINT 3,METATARSOPHALANGEAL JOINT 3,Metatarsophalangeal Joint 3,MTP3
C74456,C102324,METATARSOPHALANGEAL JOINT 4,METATARSOPHALANGEAL JOINT 4,Metatarsophalangeal Joint 4,MTP4
C74456,C102325,METATARSOPHALANGEAL JOINT 5,METATARSOPHALANGEAL JOINT 5,Metatarsophalangeal Joint 5,MTP5
C74456,C33108,METATARSOPHALANGEAL JOINT,METATARSOPHALANGEAL JOINT,Metatarsophalangeal Joint,Metatarsophalangeal Joint
C74456,C102326,MID-CIRCUMFLEX ARTERY,MID-CIRCUMFLEX ARTERY,Mid-Circumflex Artery,MCIRC; MID-CIRCUMFLEX ARTERY SEGMENT
C74456,C132511,MID-JUGULAR LYMPH NODE,MID-JUGULAR LYMPH NODE,Middle Jugular Lymph Node Group (Level III),
C74456,C102328,MID-LAD ARTERY,MID-LAD ARTERY,Mid-Left Anterior Descending Artery,MID-LAD ARTERY SEGMENT; MLAD
C74456,C102329,MID-RIGHT CORONARY ARTERY CONDUIT,MID-RIGHT CORONARY ARTERY CONDUIT,Mid-Right Coronary Artery Conduit,Mid-right Coronary Artery; MID-RIGHT CORONARY ARTERY CONDUIT SEGMENT; MRCA
C74456,C102327,MID/DISTAL LEFT ANTERIOR DESCENDING CORONARY ARTERY AND ALL DIAGONAL CORONARY BRANCHES,MID/DISTAL LEFT ANTERIOR DESCENDING CORONARY ARTERY AND ALL DIAGONAL CORONARY BRANCHES,Mid-Distal Left Anterior Descending Coronary Artery and All Diagonal Coronary Branches,
C74456,C12510,MIDBRAIN,MIDBRAIN,Mesencephalon,Mesencephalon
C74456,C12830,MIDDLE CEREBRAL ARTERY,MIDDLE CEREBRAL ARTERY,Middle Cerebral Artery,MCA
C74456,C12274,MIDDLE EAR,MIDDLE EAR,Middle Ear,
C74456,C33118,MIDDLE FRONTAL GYRUS,MIDDLE FRONTAL GYRUS,Middle Frontal Gyrus,
C74456,C142297,MIDDLE PHALANX 2 OF THE HAND,MIDDLE PHALANX 2 OF THE HAND,Hand Digit 2 Middle Phalanx,
C74456,C142298,MIDDLE PHALANX 3 OF THE HAND,MIDDLE PHALANX 3 OF THE HAND,Hand Digit 3 Middle Phalanx,
C74456,C142299,MIDDLE PHALANX 4 OF THE HAND,MIDDLE PHALANX 4 OF THE HAND,Hand Digit 4 Middle Phalanx,
C74456,C142300,MIDDLE PHALANX 5 OF THE HAND,MIDDLE PHALANX 5 OF THE HAND,Hand Digit 5 Middle Phalanx,
C74456,C33125,MIDDLE TEMPORAL GYRUS,MIDDLE TEMPORAL GYRUS,Middle Temporal Gyrus,
C74456,C127306,MITRAL VALVE ANNULUS,MITRAL VALVE ANNULUS,Mitral Valve Annulus,
C74456,C12753,MITRAL VALVE,MITRAL VALVE,Mitral Valve,Left Atrioventricular Valve; Mitral Valve
C74456,C127668,"MITRAL VALVE, ANTERIOR ANNULUS","MITRAL VALVE, ANTERIOR ANNULUS",Anterior Annulus of the Mitral Valve,"Mitral Valve, Anteroseptal Annulus"
C74456,C127669,"MITRAL VALVE, ANTERIOR CUSP","MITRAL VALVE, ANTERIOR CUSP",Anterior Cusp of the Mitral Valve,
C74456,C127670,"MITRAL VALVE, POSTERIOR ANNULUS","MITRAL VALVE, POSTERIOR ANNULUS",Posterior Annulus of the Mitral Valve,"Mitral Valve, Posterolateral Annulus"
C74456,C127671,"MITRAL VALVE, POSTERIOR CUSP","MITRAL VALVE, POSTERIOR CUSP",Posterior Cusp of the Mitral Valve,
C74456,C97339,MOTOR CORTEX,MOTOR CORTEX,Primary Motor Cortex,
C74456,C12226,MUCOSA OF THE LIP,MUCOSA OF THE LIP,Mucosa of the Lip,
C74456,C13166,MUCOSA,MUCOSA,Mucosa,Mucosa; Mucous Membrane
C74456,C13056,MUSCLE,MUSCLE,Muscle,
C74456,C12754,MUSCULOSKELETAL SYSTEM,MUSCULOSKELETAL SYSTEM,Musculoskeletal System,
C74456,C12371,MYOCARDIUM,MYOCARDIUM,Myocardium,Myocardium
C74456,C12314,MYOMETRIUM,MYOMETRIUM,Myometrium,Myometrium
C74456,C170605,NAIL BED,NAIL BED,Nail Bed,
C74456,C33156,NAIL,NAIL,Nail,Nail
C74456,C33157,NASAL BONE,NASAL BONE,Nasal Bone,Nasal Bone
C74456,C12424,NASAL CAVITY,NASAL CAVITY,Nasal Cavity,
C74456,C33160,NASAL SEPTUM,NASAL SEPTUM,Nasal Septum,Nasal Septum
C74456,C164006,NASAL SOFT TISSUE,NASAL SOFT TISSUE,Nasal Soft Tissue,
C74456,C12423,NASOPHARYNX,NASOPHARYNX,Nasopharynx,
C74456,C33162,NAVICULAR BONE,NAVICULAR BONE,Navicular Bone,Navicular Bone
C74456,C204658,NECK EXTENSOR MUSCLES,NECK EXTENSOR MUSCLES,Neck Extensor Muscles,
C74456,C225642,NECK SOFT TISSUE,NECK SOFT TISSUE,Neck Soft Tissue,
C74456,C13063,NECK,NECK,Neck,Neck
C74456,C12466,NERVE,NERVE,Nerve,
C74456,C12299,NIPPLE,NIPPLE,Nipple,
C74456,C12756,NOSE,NOSE,Nose,Nose
C74456,C33178,NOSTRIL,NOSTRIL,Nostril,Naris; Nostril
C74456,C142301,NUCHAL LYMPH NODE,NUCHAL LYMPH NODE,Nuchal Lymph Node,
C74456,C52733,NUCLEUS ACCUMBENS,NUCLEUS ACCUMBENS,Accumbens Nucleus,
C74456,C97342,NUCLEUS OF DIAGONAL BAND,NUCLEUS OF DIAGONAL BAND,Nucleus of Diagonal Band,BASAL NUCLEUS/DIAGONAL BAND
C74456,C33191,OBTURATOR EXTERNUS MUSCLE,OBTURATOR EXTERNUS MUSCLE,Obturator Externus Muscle,
C74456,C33192,OBTURATOR INTERNUS MUSCLE,OBTURATOR INTERNUS MUSCLE,Obturator Internus Muscle,
C74456,C88141,OBTURATOR LYMPH NODE,OBTURATOR LYMPH NODE,Obturator Lymph Node,
C74456,C33193,OBTURATOR MUSCLE,OBTURATOR MUSCLE,Obturator Muscle,
C74456,C12757,OCCIPITAL BONE,OCCIPITAL BONE,Occipital Bone,
C74456,C177767,OCCIPITAL CORTEX,OCCIPITAL CORTEX,Occipital Lobe Cortex,
C74456,C12355,OCCIPITAL LOBE,OCCIPITAL LOBE,Occipital Lobe,
C74456,C98188,OCCIPITAL LYMPH NODE,OCCIPITAL LYMPH NODE,Occipital Lymph Node,
C74456,C103456,OCCIPITAL SCALP,OCCIPITAL SCALP,Occipital Scalp,
C74456,C225643,OCCIPITO-TEMPORAL REGION,OCCIPITO-TEMPORAL REGION,Occipito-Temporal Region,
C74456,C12758,OCULOMOTOR NERVE,OCULOMOTOR NERVE,Oculomotor Nerve,Third Cranial Nerve
C74456,C225644,OLECRANON BURSA,OLECRANON BURSA,Olecranon Bursa,
C74456,C33200,OLECRANON,OLECRANON,Olecranon,Olecranon
C74456,C28401,OLFACTORY BULB,OLFACTORY BULB,Olfactory Bulb,
C74456,C33205,OLFACTORY MUCOSA,OLFACTORY MUCOSA,Olfactory Mucosa,
C74456,C12759,OLFACTORY NERVE,OLFACTORY NERVE,Olfactory Nerve,
C74456,C33209,OMENTUM,OMENTUM,Omentum,
C74456,C33216,OPHTHALMIC ARTERY,OPHTHALMIC ARTERY,Ophthalmic Artery,
C74456,C150853,OPPONENS POLLICIS MUSCLE,OPPONENS POLLICIS MUSCLE,Opponens Pollicis Muscle,
C74456,C90609,OPTIC CHIASM,OPTIC CHIASM,Optic Chiasm,
C74456,C12760,OPTIC DISC,OPTIC DISC,Optic Disc,Optic Nerve Head
C74456,C12761,OPTIC NERVE,OPTIC NERVE,Optic Nerve,Second Cranial Nerve
C74456,C12421,ORAL CAVITY,ORAL CAVITY,Oral Cavity,Buccal cavity; Mouth
C74456,C77637,ORAL MUCOSA,ORAL MUCOSA,Oral Mucosa,
C74456,C52886,ORBICULARIS OCULI MUSCLE,ORBICULARIS OCULI MUSCLE,Orbicularis Oculi Muscle,
C74456,C12347,ORBIT,ORBIT,Orbit,Eye Socket; Ocular Orbit; Orbit
C74456,C186128,OROPHARYNGEAL SOFT TISSUE,OROPHARYNGEAL SOFT TISSUE,Oropharyngeal Soft Tissue,
C74456,C12762,OROPHARYNX,OROPHARYNX,Oropharynx,
C74456,C174318,OSTIOMEATAL COMPLEX,OSTIOMEATAL COMPLEX,Ostiomeatal Complex,Osteomeatal Complex
C74456,C33244,OVARIAN FOLLICLE,OVARIAN FOLLICLE,Ovarian Follicle,
C74456,C12404,OVARY,OVARY,Ovary,
C74456,C186129,PALATAL RUGAE,PALATAL RUGAE,Palatal Rugae,Palatine Rugae
C74456,C12229,PALATE,PALATE,Palate,
C74456,C52745,PALATINE BONE,PALATINE BONE,Palatine Bone,Palatine Bone
C74456,C12232,PALATINE UVULA,PALATINE UVULA,Uvula,
C74456,C33252,PALM,PALM,Palmar Region,
C74456,C177994,PALMAR DIGITAL ARTERY,PALMAR DIGITAL ARTERY,Palmar Digital Artery,
C74456,C12901,PALPEBRAL CONJUNCTIVA,PALPEBRAL CONJUNCTIVA,Palpebral Conjunctiva,
C74456,C174322,PALPEBRAL FISSURE,PALPEBRAL FISSURE,Palpebral Fissure,
C74456,C12393,PANCREAS,PANCREAS,Pancreas,
C74456,C12270,"PANCREAS, BODY","PANCREAS, BODY",Body of the Pancreas,Body of the Pancreas
C74456,C12608,"PANCREAS, ENDOCRINE","PANCREAS, ENDOCRINE",Islet of Langerhans,Endocrine Pancreas
C74456,C32546,"PANCREAS, EXOCRINE","PANCREAS, EXOCRINE",Exocrine Pancreas,Exocrine Pancreas
C74456,C12269,"PANCREAS, HEAD","PANCREAS, HEAD",Head of the Pancreas,Head of the Pancreas
C74456,C158551,"PANCREAS, NECK","PANCREAS, NECK",Neck of the Pancreas,
C74456,C12271,"PANCREAS, TAIL","PANCREAS, TAIL",Tail of the Pancreas,Tail of the Pancreas
C74456,C12272,PANCREATIC DUCT,PANCREATIC DUCT,Pancreatic Duct,
C74456,C33259,PAPILLARY MUSCLE,PAPILLARY MUSCLE,Papillary Muscle,Papillary Muscle
C74456,C77643,PARA-AORTIC LYMPH NODE,PARA-AORTIC LYMPH NODE,Paraaortic Lymph Node,"Lymph Node, Para-Aortic"
C74456,C117869,PARACAVAL LYMPH NODE,PARACAVAL LYMPH NODE,Paracaval Lymph Node,
C74456,C89787,PARACOLIC GUTTER,PARACOLIC GUTTER,Paracolic Gutter,
C74456,C225645,PARAESOPHAGEAL LYMPH NODE,PARAESOPHAGEAL LYMPH NODE,Paraesophageal Lymph Node,
C74456,C147453,PARALARYNGEAL LYMPH NODE,PARALARYNGEAL LYMPH NODE,Paralaryngeal Lymph Node,
C74456,C12320,PARAMETRIUM,PARAMETRIUM,Parametrium,Parametrium
C74456,C12763,PARANASAL SINUS,PARANASAL SINUS,Paranasal Sinus,
C74456,C142302,PARAPHARYNGEAL LYMPH NODE,PARAPHARYNGEAL LYMPH NODE,Parapharyngeal Lymph Node,
C74456,C52902,PARASPINAL MUSCLES,PARASPINAL MUSCLES,Erector Spinae,Erector Spinae; Extensor Spinae; Sacrospinalis Muscle
C74456,C166000,PARASPINAL REGION,PARASPINAL REGION,Paraspinal Region,
C74456,C225646,PARASPINAL SOFT TISSUE,PARASPINAL SOFT TISSUE,Paraspinal Soft Tissue,
C74456,C52557,PARASYMPATHETIC GANGLIA,PARASYMPATHETIC GANGLIA,Parasympathetic Ganglion,
C74456,C12765,PARATHYROID GLAND,PARATHYROID GLAND,Parathyroid Gland,
C74456,C103426,PARATRACHEAL LYMPH NODE,PARATRACHEAL LYMPH NODE,Paratracheal Lymph Node,
C74456,C186130,"PARATRACHEAL LYMPH NODE, UPPER","PARATRACHEAL LYMPH NODE, UPPER",Upper Paratracheal Lymph Node,
C74456,C97925,PARAVERTEBRAL GANGLIA,PARAVERTEBRAL GANGLIA,Para-Spinal Ganglion,Paraspinal Ganglion; Spinal Ganglion
C74456,C12766,PARIETAL BONE,PARIETAL BONE,Parietal Bone,
C74456,C177764,PARIETAL CORTEX,PARIETAL CORTEX,Parietal Lobe Cortex,
C74456,C12354,PARIETAL LOBE,PARIETAL LOBE,Parietal Lobe,Parietal Lobe
C74456,C33273,PARIETAL PLEURA,PARIETAL PLEURA,Parietal Pleura,
C74456,C225647,PARIETO-OCCIPITAL REGION,PARIETO-OCCIPITAL REGION,Parieto-Occipital Region,
C74456,C225648,PARIETO-TEMPORAL REGION,PARIETO-TEMPORAL REGION,Parieto-Temporal Region,
C74456,C33278,PAROTID GLAND LYMPH NODE,PAROTID GLAND LYMPH NODE,Parotid Gland Lymph Node,Parotid Gland Lymph Node
C74456,C12427,PAROTID GLAND,PAROTID GLAND,Parotid Gland,
C74456,C97341,PARS COMPACTA,PARS COMPACTA,Pars Compacta,
C74456,C33282,PATELLA,PATELLA,Patella,
C74456,C187835,PATELLAR TENDON,PATELLAR TENDON,Patellar Tendon,
C74456,C77660,PAW,PAW,Paw,
C74456,C120322,PECTORAL LYMPH NODE,PECTORAL LYMPH NODE,Pectoral Lymph Node,
C74456,C33284,PECTORALIS MAJOR MUSCLE,PECTORALIS MAJOR MUSCLE,Pectoralis Major,
C74456,C33285,PECTORALIS MINOR MUSCLE,PECTORALIS MINOR MUSCLE,Pectoralis Minor,
C74456,C33287,PELVIC BONE,PELVIC BONE,Pelvic Bone,Pelvic Bone
C74456,C12363,PELVIC LYMPH NODE,PELVIC LYMPH NODE,Pelvic Lymph Node,Pelvic Lymph Node
C74456,C225649,PELVIC MUSCLE,PELVIC MUSCLE,Pelvic Muscle,
C74456,C189531,PELVIC SIDEWALL,PELVIC SIDEWALL,Pelvic Sidewall,
C74456,C225650,PELVIC SOFT TISSUE,PELVIC SOFT TISSUE,Pelvic Soft Tissue,
C74456,C12767,PELVIS,PELVIS,Pelvis,Pelvic Region; Pelvis
C74456,C177995,PENILE ARTERY,PENILE ARTERY,Penile Artery,
C74456,C12409,PENIS,PENIS,Penis,
C74456,C12325,"PENIS, BODY","PENIS, BODY",Body of the Penis,
C74456,C12324,"PENIS, GLANS","PENIS, GLANS",Glans Penis,
C74456,C124350,"PENIS, RADIX","PENIS, RADIX",Radix Penis,
C74456,C164007,PERI-ORBITAL SOFT TISSUE,PERI-ORBITAL SOFT TISSUE,Periorbital Soft Tissue,
C74456,C99148,PERIANAL REGION,PERIANAL REGION,Perianal Region,
C74456,C38662,PERICARDIAL CAVITY,PERICARDIAL CAVITY,Pericardial Cavity,
C74456,C117870,PERICARDIAL LYMPH NODE,PERICARDIAL LYMPH NODE,Pericardial Lymph Node,
C74456,C127672,PERICARDIAL WALL,PERICARDIAL WALL,Pericardial Wall,
C74456,C13005,PERICARDIUM,PERICARDIUM,Pericardium,
C74456,C170601,PERIFACIAL LYMPH NODE,PERIFACIAL LYMPH NODE,Perifacial Lymph Node,
C74456,C102330,PERIHILAR LYMPH NODE,PERIHILAR LYMPH NODE,Perihilar Lymph Node,
C74456,C186131,PERIMENINGEAL SPACE,PERIMENINGEAL SPACE,Perimeningeal Space,
C74456,C33301,PERINEUM,PERINEUM,Perineum,Perineum
C74456,C77642,PERIPANCREATIC LYMPH NODE,PERIPANCREATIC LYMPH NODE,Pancreatic Lymph Node,
C74456,C12768,PERIPHERAL NERVE,PERIPHERAL NERVE,Peripheral Nerve,
C74456,C154774,PERIRECTAL LYMPH NODE,PERIRECTAL LYMPH NODE,Perirectal Lymph Node,
C74456,C12769,PERITONEAL CAVITY,PERITONEAL CAVITY,Peritoneal Cavity,
C74456,C77612,PERITONEAL FLUID,PERITONEAL FLUID,Peritoneal Fluid,
C74456,C77644,PERITONEAL LYMPH NODE,PERITONEAL LYMPH NODE,Peritoneal Lymph Node,
C74456,C12770,PERITONEUM,PERITONEUM,Peritoneum,
C74456,C139205,PERIUMBILICAL REGION,PERIUMBILICAL REGION,Periumbilical Region,
C74456,C132412,PERIURETERAL REGION,PERIURETERAL REGION,Periureteral Region,
C74456,C111287,PERIURETHRAL REGION,PERIURETHRAL REGION,Periurethral Region,
C74456,C178003,PERIVESICAL REGION,PERIVESICAL REGION,Perivesical Region,
C74456,C33314,PERONEAL ARTERY,PERONEAL ARTERY,Peroneal Artery,
C74456,C52814,PERONEAL NERVE,PERONEAL NERVE,Peroneal Nerve,"Nerve, Fibular"
C74456,C186132,PERONEUS BREVIS MUSCLE,PERONEUS BREVIS MUSCLE,Peroneus Brevis Muscle,
C74456,C53171,PERONEUS LONGUS MUSCLE,PERONEUS LONGUS MUSCLE,Peroneus Longus,
C74456,C225651,PES ANSERINE BURSA,PES ANSERINE BURSA,Pes Anserine Bursa,
C74456,C33318,PHARYNGEAL TONSIL,PHARYNGEAL TONSIL,Pharyngeal Tonsil,Adenoid
C74456,C12425,PHARYNX,PHARYNX,Pharynx,
C74456,C52813,PHRENIC NERVE,PHRENIC NERVE,Phrenic Nerve,
C74456,C12398,PINEAL GLAND,PINEAL GLAND,Pineal Gland,Pineal Body
C74456,C12855,PISIFORM BONE,PISIFORM BONE,Pisiform Bone,Pisiform Bone
C74456,C12399,PITUITARY GLAND,PITUITARY GLAND,Pituitary Gland,Hypophysis; Hypophysis Cerebri
C74456,C13272,PLACENTA,PLACENTA,Placenta,
C74456,C186133,PLANTAR FLEXOR MUSCLES,PLANTAR FLEXOR MUSCLES,Plantar Flexor Muscles,
C74456,C12469,PLEURA,PLEURA,Pleura,
C74456,C12840,PLEURAL CAVITY,PLEURAL CAVITY,Pleural Cavity,
C74456,C77613,PLEURAL FLUID,PLEURAL FLUID,Pleural Fluid,
C74456,C12511,PONS VAROLII,PONS VAROLII,Pons Varolii,Pons; Pons Varolii
C74456,C116180,POPLITEAL ARTERY ABOVE KNEE,POPLITEAL ARTERY ABOVE KNEE,Popliteal Artery Above the Knee,
C74456,C116181,POPLITEAL ARTERY BELOW KNEE,POPLITEAL ARTERY BELOW KNEE,Popliteal Artery Below the Knee,
C74456,C33337,POPLITEAL ARTERY,POPLITEAL ARTERY,Popliteal Artery,
C74456,C103222,POPLITEAL FOSSA,POPLITEAL FOSSA,Popliteal Fossa,
C74456,C53146,POPLITEAL LYMPH NODE,POPLITEAL LYMPH NODE,Popliteal Lymph Node,
C74456,C33339,POPLITEAL VEIN,POPLITEAL VEIN,Popliteal Vein,
C74456,C117871,PORTA HEPATIS LYMPH NODE,PORTA HEPATIS LYMPH NODE,Porta Hepatis Lymph Node,
C74456,C117872,PORTACAVAL LYMPH NODE,PORTACAVAL LYMPH NODE,Portacaval Lymph Node,Portocaval Lymph Node
C74456,C77645,PORTAL LYMPH NODE,PORTAL LYMPH NODE,Portal Lymph Node,Periportal Lymph Node
C74456,C132413,PORTAL VEIN BIFURCATION,PORTAL VEIN BIFURCATION,Portal Vein Bifurcation,
C74456,C33343,PORTAL VEIN,PORTAL VEIN,Portal Vein,Hepatic Portal Vein
C74456,C214695,"PORTAL VEIN, LEFT BRANCH","PORTAL VEIN, LEFT BRANCH",Left Portal Vein,
C74456,C214696,"PORTAL VEIN, RIGHT BRANCH","PORTAL VEIN, RIGHT BRANCH",Right Portal Vein,
C74456,C33346,POSTCENTRAL GYRUS,POSTCENTRAL GYRUS,Postcentral Gyrus,
C74456,C12831,POSTERIOR CEREBRAL ARTERY,POSTERIOR CEREBRAL ARTERY,Posterior Cerebral Artery,PCA
C74456,C103428,POSTERIOR CERVICAL LYMPH NODE,POSTERIOR CERVICAL LYMPH NODE,Posterior Cervical Lymph Node,
C74456,C154778,POSTERIOR CINGULATE CORTEX,POSTERIOR CINGULATE CORTEX,Posterior Cingulate Cortex,
C74456,C102348,POSTERIOR DESCENDING SEPTAL PERFORATORS ARTERY,POSTERIOR DESCENDING SEPTAL PERFORATORS ARTERY,Septal Perforator Artery,PDSP; POSTERIOR DESCENDING SEPTAL PERFORATORS ARTERY SEGMENT
C74456,C33362,POSTERIOR INFERIOR CEREBELLAR ARTERY,POSTERIOR INFERIOR CEREBELLAR ARTERY,Posterior Inferior Cerebellar Artery,PICA
C74456,C201435,POSTERIOR LIMB OF INTERNAL CAPSULE,POSTERIOR LIMB OF INTERNAL CAPSULE,Posterior Limb of Internal Capsule,Occipital Part of Internal Capsule; Posterior Limb of Internal Capsule
C74456,C142303,POSTERIOR POLE OF THE EYE,POSTERIOR POLE OF THE EYE,Posterior Pole of the Eye,
C74456,C139206,POSTERIOR SUPERIOR ILIAC SPINE,POSTERIOR SUPERIOR ILIAC SPINE,Posterior Superior Iliac Spine,
C74456,C12826,POSTERIOR TIBIAL ARTERY,POSTERIOR TIBIAL ARTERY,Posterior Tibial Artery,
C74456,C33386,POSTERIOR TIBIAL VEIN,POSTERIOR TIBIAL VEIN,Posterior Tibial Vein,
C74456,C116170,POSTEROLATERAL SEGMENTAL ARTERY,POSTEROLATERAL SEGMENTAL ARTERY,Posterolateral Coronary Artery,
C74456,C103429,PREAURICULAR LYMPH NODE,PREAURICULAR LYMPH NODE,Preauricular Lymph Node,
C74456,C33393,PRECENTRAL GYRUS,PRECENTRAL GYRUS,Precentral Gyrus,
C74456,C112399,PRECUNEUS,PRECUNEUS,Precuneus,
C74456,C154779,PREFRONTAL CORTEX,PREFRONTAL CORTEX,Prefrontal Cortex,
C74456,C147454,PRELARYNGEAL LYMPH NODE,PRELARYNGEAL LYMPH NODE,Prelaryngeal Lymph Node,
C74456,C186134,PREMAXILLA BONE,PREMAXILLA BONE,Premaxilla Bone,
C74456,C225652,PREPATELLAR BURSA,PREPATELLAR BURSA,Prepatellar Bursa,
C74456,C79432,PREPUTIAL GLAND,PREPUTIAL GLAND,Preputial Gland,
C74456,C154775,PRESACRAL LYMPH NODE,PRESACRAL LYMPH NODE,Presacral Lymph Node,
C74456,C132414,PRESACRAL SPACE,PRESACRAL SPACE,Presacral Space,
C74456,C186135,PRESPHENOID BONE,PRESPHENOID BONE,Presphenoid Bone,
C74456,C147455,PRETRACHEAL LYMPH NODE,PRETRACHEAL LYMPH NODE,Pretracheal Lymph Node,
C74456,C225653,PREVESICAL LYMPH NODE,PREVESICAL LYMPH NODE,Prevesical Lymph Node,
C74456,C97340,PRIMARY VISUAL CORTEX,PRIMARY VISUAL CORTEX,Primary Visual Cortex,
C74456,C166001,PROCERUS MUSCLE,PROCERUS MUSCLE,Procerus Muscle,
C74456,C32436,PROFUNDA FEMORIS ARTERY,PROFUNDA FEMORIS ARTERY,Deep Femoral Artery,
C74456,C154776,PROFUNDA FEMORIS VEIN,PROFUNDA FEMORIS VEIN,Deep Femoral Vein,Deep Femoral Vein
C74456,C150854,PRONATOR QUADRATUS MUSCLE,PRONATOR QUADRATUS MUSCLE,Pronator Quadratus Muscle,
C74456,C53174,PRONATOR TERES MUSCLE,PRONATOR TERES MUSCLE,Pronator Teres Muscle,
C74456,C90348,PROSTATE BED,PROSTATE BED,Prostate Bed,
C74456,C12410,PROSTATE GLAND,PROSTATE GLAND,Prostate Gland,
C74456,C13092,"PROSTATE GLAND, LATERAL LOBE","PROSTATE GLAND, LATERAL LOBE",Lateral Lobe of the Prostate,Lateral Lobe of the Prostate
C74456,C13094,"PROSTATE GLAND, MIDDLE LOBE","PROSTATE GLAND, MIDDLE LOBE",Middle Lobe of the Prostate,Middle Lobe of the Prostate
C74456,C13093,"PROSTATE GLAND, POSTERIOR LOBE","PROSTATE GLAND, POSTERIOR LOBE",Posterior Lobe of the Prostate,Posterior Lobe of the Prostate
C74456,C102331,PROXIMAL CIRCUMFLEX ARTERY,PROXIMAL CIRCUMFLEX ARTERY,Proximal Circumflex Artery,PCIRC; PROXIMAL CIRCUMFLEX ARTERY SEGMENT
C74456,C114205,PROXIMAL INTERPHALANGEAL JOINT 2 OF THE FOOT,PROXIMAL INTERPHALANGEAL JOINT 2 OF THE FOOT,Proximal Interphalangeal Joint 2 of the Foot,PIP2 of the Foot
C74456,C114194,PROXIMAL INTERPHALANGEAL JOINT 2 OF THE HAND,PROXIMAL INTERPHALANGEAL JOINT 2 OF THE HAND,Proximal Interphalangeal Joint 2 of the Hand,PIP2 of the Hand
C74456,C102332,PROXIMAL INTERPHALANGEAL JOINT 2,PROXIMAL INTERPHALANGEAL JOINT 2,Proximal Interphalangeal Joint 2,PIP2
C74456,C114206,PROXIMAL INTERPHALANGEAL JOINT 3 OF THE FOOT,PROXIMAL INTERPHALANGEAL JOINT 3 OF THE FOOT,Proximal Interphalangeal Joint 3 of the Foot,PIP3 of the Foot
C74456,C114195,PROXIMAL INTERPHALANGEAL JOINT 3 OF THE HAND,PROXIMAL INTERPHALANGEAL JOINT 3 OF THE HAND,Proximal Interphalangeal Joint 3 of the Hand,PIP3 of the Hand
C74456,C102333,PROXIMAL INTERPHALANGEAL JOINT 3,PROXIMAL INTERPHALANGEAL JOINT 3,Proximal Interphalangeal Joint 3,PIP3
C74456,C114207,PROXIMAL INTERPHALANGEAL JOINT 4 OF THE FOOT,PROXIMAL INTERPHALANGEAL JOINT 4 OF THE FOOT,Proximal Interphalangeal Joint 4 of the Foot,PIP4 of the Foot
C74456,C114196,PROXIMAL INTERPHALANGEAL JOINT 4 OF THE HAND,PROXIMAL INTERPHALANGEAL JOINT 4 OF THE HAND,Proximal Interphalangeal Joint 4 of the Hand,PIP4 of the Hand
C74456,C102334,PROXIMAL INTERPHALANGEAL JOINT 4,PROXIMAL INTERPHALANGEAL JOINT 4,Proximal Interphalangeal Joint 4,PIP4
C74456,C114208,PROXIMAL INTERPHALANGEAL JOINT 5 OF THE FOOT,PROXIMAL INTERPHALANGEAL JOINT 5 OF THE FOOT,Proximal Interphalangeal Joint 5 of the Foot,PIP5 of the Foot
C74456,C114197,PROXIMAL INTERPHALANGEAL JOINT 5 OF THE HAND,PROXIMAL INTERPHALANGEAL JOINT 5 OF THE HAND,Proximal Interphalangeal Joint 5 of the Hand,PIP5 of the Hand
C74456,C102335,PROXIMAL INTERPHALANGEAL JOINT 5,PROXIMAL INTERPHALANGEAL JOINT 5,Proximal Interphalangeal Joint 5,PIP5
C74456,C102336,PROXIMAL LAD ARTERY,PROXIMAL LAD ARTERY,Proximal Left Anterior Descending Artery,PLAD; PROXIMAL LAD ARTERY SEGMENT
C74456,C150848,PROXIMAL PHALANX 1 OF THE HAND,PROXIMAL PHALANX 1 OF THE HAND,Hand Digit 1 Proximal Phalanx,
C74456,C142304,PROXIMAL PHALANX 2 OF THE HAND,PROXIMAL PHALANX 2 OF THE HAND,Hand Digit 2 Proximal Phalanx,
C74456,C142305,PROXIMAL PHALANX 3 OF THE HAND,PROXIMAL PHALANX 3 OF THE HAND,Hand Digit 3 Proximal Phalanx,
C74456,C142306,PROXIMAL PHALANX 4 OF THE HAND,PROXIMAL PHALANX 4 OF THE HAND,Hand Digit 4 Proximal Phalanx,
C74456,C142307,PROXIMAL PHALANX 5 OF THE HAND,PROXIMAL PHALANX 5 OF THE HAND,Hand Digit 5 Proximal Phalanx,
C74456,C102337,PROXIMAL RIGHT CORONARY ARTERY CONDUIT,PROXIMAL RIGHT CORONARY ARTERY CONDUIT,Proximal Right Coronary Artery Conduit,PRCA; PROXIMAL RIGHT CORONARY ARTERY CONDUIT SEGMENT
C74456,C115335,PROXIMAL URETHRA,PROXIMAL URETHRA,Proximal Urethra,
C74456,C33423,PUBIC BONE,PUBIC BONE,Pubic Bone,Pubis
C74456,C33425,PUBIC SYMPHYSIS,PUBIC SYMPHYSIS,Pubic Symphysis,Symphysis Pubis
C74456,C12774,PULMONARY ARTERY BRANCH,PULMONARY ARTERY BRANCH,Pulmonary Artery,
C74456,C225654,PULMONARY INTERLOBAR LYMPH NODE,PULMONARY INTERLOBAR LYMPH NODE,Pulmonary Interlobar Lymph Node,
C74456,C225655,PULMONARY LIGAMENT LYMPH NODE,PULMONARY LIGAMENT LYMPH NODE,Pulmonary Ligament Lymph Node,
C74456,C225656,PULMONARY LOBAR LYMPH NODE,PULMONARY LOBAR LYMPH NODE,Pulmonary Lobar Lymph Node,
C74456,C191304,PULMONARY LYMPH NODE,PULMONARY LYMPH NODE,Pulmonary Lymph Node,
C74456,C225657,PULMONARY SEGMENTAL LYMPH NODE,PULMONARY SEGMENTAL LYMPH NODE,Pulmonary Segmental Lymph Node,
C74456,C225658,PULMONARY SUBSEGMENTAL LYMPH NODE,PULMONARY SUBSEGMENTAL LYMPH NODE,Pulmonary Subsegmental Lymph Node,
C74456,C116918,PULMONARY TRUNK,PULMONARY TRUNK,Pulmonary Trunk,Main Pulmonary Artery
C74456,C12775,PULMONARY VALVE,PULMONARY VALVE,Pulmonary Valve,
C74456,C127673,"PULMONARY VALVE, ANTERIOR CUSP","PULMONARY VALVE, ANTERIOR CUSP",Anterior Cusp of the Pulmonary Valve,"Pulmonary Valve, Anterior Semilunar Cusp"
C74456,C127674,"PULMONARY VALVE, LEFT CUSP","PULMONARY VALVE, LEFT CUSP",Left Cusp of the Pulmonary Valve,"Pulmonary Valve, Left Semilunar Cusp"
C74456,C127675,"PULMONARY VALVE, RIGHT CUSP","PULMONARY VALVE, RIGHT CUSP",Right Cusp of the Pulmonary Valve,"Pulmonary Valve, Right Semilunar Cusp"
C74456,C12776,PULMONARY VEIN,PULMONARY VEIN,Pulmonary Vein,
C74456,C33429,PUPIL,PUPIL,Pupil,
C74456,C12452,PUTAMEN,PUTAMEN,Putamen,Putamen
C74456,C33433,PYLORIC SPHINCTER,PYLORIC SPHINCTER,Pyloric Sphincter,Pyloric Sphincter
C74456,C12260,PYLORUS,PYLORUS,Pylorus,
C74456,C142308,"PYRAMIDAL TRACTS, BRAINSTEM","PYRAMIDAL TRACTS, BRAINSTEM",Brainstem Portion of the Pyramidal Tracts,
C74456,C142309,"PYRAMIDAL TRACTS, INTERNAL CAPSULE","PYRAMIDAL TRACTS, INTERNAL CAPSULE",Internal Capsule of the Pyramidal Tracts,
C74456,C33441,QUADRICEPS MUSCLE,QUADRICEPS MUSCLE,Quadriceps Muscle of the Thigh,
C74456,C12838,RADIAL ARTERY,RADIAL ARTERY,Radial Artery,Radial Artery
C74456,C52812,RADIAL NERVE,RADIAL NERVE,Radial Nerve,
C74456,C187836,RADIAL SULCUS,RADIAL SULCUS,Radial Sulcus,Musculospiral Groove; Radial Groove; Spiral Groove
C74456,C120674,RADIUS SHAFT,RADIUS SHAFT,Radius Shaft,
C74456,C12777,RADIUS,RADIUS,Radius Bone,
C74456,C142310,RADIUS-LUNATE JOINT,RADIUS-LUNATE JOINT,Radius-Lunate Joint,
C74456,C102338,RAMUS INTERMEDIUS ARTERY,RAMUS INTERMEDIUS ARTERY,Ramus Intermedius Artery,RAMUS; RAMUS ARTERY; RAMUS INTERMEDIUS ARTERY SEGMENT
C74456,C97335,RAPHE,RAPHE,Raphe Nuclei,
C74456,C33447,RECTO-UTERINE POUCH,RECTO-UTERINE POUCH,Recto-Vaginal Pouch,
C74456,C54188,RECTOSIGMOID JUNCTION,RECTOSIGMOID JUNCTION,Rectosigmoid Region,
C74456,C142311,RECTOVAGINAL SPACE,RECTOVAGINAL SPACE,Rectovaginal Space,
C74456,C12390,RECTUM,RECTUM,Rectum,
C74456,C225659,"RECTUM, LOWER THIRD","RECTUM, LOWER THIRD",Lower Third of Rectum,
C74456,C225660,"RECTUM, MIDDLE THIRD","RECTUM, MIDDLE THIRD",Middle Third of Rectum,
C74456,C225661,"RECTUM, UPPER THIRD","RECTUM, UPPER THIRD",Upper Third of Rectum,
C74456,C53175,RECTUS FEMORIS MUSCLE,RECTUS FEMORIS MUSCLE,Rectus Femoris,
C74456,C49018,REGIONAL LYMPH NODE,REGIONAL LYMPH NODE,Regional Lymph Node,
C74456,C12778,RENAL ARTERY,RENAL ARTERY,Renal Artery,
C74456,C131138,RENAL BED,RENAL BED,Renal Bed,Kidney Bed
C74456,C142312,RENAL FOSSA,RENAL FOSSA,Renal Fossa,
C74456,C33460,RENAL PAPILLA,RENAL PAPILLA,Renal Papilla,
C74456,C12887,RENAL PELVIS,RENAL PELVIS,Renal Pelvis,
C74456,C33462,RENAL VEIN,RENAL VEIN,Renal Vein,
C74456,C12779,RESPIRATORY SYSTEM,RESPIRATORY SYSTEM,Respiratory System,
C74456,C12343,RETINA,RETINA,Retina,Retina
C74456,C52997,RETINAL ARTERY,RETINAL ARTERY,Retinal Artery,
C74456,C32953,RETINAL NERVE FIBER LAYER,RETINAL NERVE FIBER LAYER,Layer of the Ophthalmic Nerve Fibers,
C74456,C33470,RETINAL PIGMENTED EPITHELIAL LAYER,RETINAL PIGMENTED EPITHELIAL LAYER,Retinal Pigment Epithelium,
C74456,C53063,RETINAL VEIN,RETINAL VEIN,Retinal Vein,
C74456,C54155,RETRO-ORBITAL REGION,RETRO-ORBITAL REGION,Retro-Orbital Region,Retro-Orbital Area
C74456,C142313,RETROAURICULAR LYMPH NODE,RETROAURICULAR LYMPH NODE,Retroauricular Lymph Node,Mastoid Lymph Node; Posterior Auricular Lymph Node
C74456,C103439,RETROCRURAL LYMPH NODE,RETROCRURAL LYMPH NODE,Retrocrural Lymph Node,
C74456,C98189,RETROPERITONEAL LYMPH NODE,RETROPERITONEAL LYMPH NODE,Retroperitoneal Lymph Node,
C74456,C12298,RETROPERITONEUM,RETROPERITONEUM,Retroperitoneum,
C74456,C77649,RETROPHARYNGEAL LYMPH NODE,RETROPHARYNGEAL LYMPH NODE,Retropharyngeal Lymph Node,Suprapharyngeal Lymph Node
C74456,C209626,RETROSTERNAL LYMPH NODE,RETROSTERNAL LYMPH NODE,Retrosternal Lymph Node,
C74456,C225662,RETROTRACHEAL LYMPH NODE,RETROTRACHEAL LYMPH NODE,Retrotracheal Lymph Node,
C74456,C186136,RHOMBOID MAJOR MUSCLE,RHOMBOID MAJOR MUSCLE,Rhomboid Major Muscle,
C74456,C186137,RHOMBOID MINOR MUSCLE,RHOMBOID MINOR MUSCLE,Rhomboid Minor Muscle,
C74456,C52770,RIB 1,RIB 1,Rib 1,Rib 1
C74456,C52769,RIB 10,RIB 10,Rib 10,Rib 10
C74456,C52768,RIB 11,RIB 11,Rib 11,Rib 11
C74456,C52767,RIB 12,RIB 12,Rib 12,Rib 12
C74456,C52766,RIB 2,RIB 2,Rib 2,Rib 2
C74456,C52765,RIB 3,RIB 3,Rib 3,Rib 3
C74456,C52764,RIB 4,RIB 4,Rib 4,Rib 4
C74456,C52763,RIB 5,RIB 5,Rib 5,Rib 5
C74456,C52762,RIB 6,RIB 6,Rib 6,Rib 6
C74456,C52761,RIB 7,RIB 7,Rib 7,Rib 7
C74456,C52760,RIB 8,RIB 8,Rib 8,Rib 8
C74456,C52759,RIB 9,RIB 9,Rib 9,Rib 9
C74456,C12782,RIB,RIB,Rib,
C74456,C102339,RIGHT ATRIAL ENDOCARDIUM,RIGHT ATRIAL ENDOCARDIUM,Right Atrial Endocardium,
C74456,C116169,RIGHT CORONARY ARTERY OSTIUM,RIGHT CORONARY ARTERY OSTIUM,Right Coronary Artery Ostium,
C74456,C102340,"RIGHT CORONARY ARTERY, RIGHT POSTERIOR DESCENDING, RIGHT POSTERIOLATERAL AND ACUTE MARGINAL BRANCHES","RIGHT CORONARY ARTERY, RIGHT POSTERIOR DESCENDING, RIGHT POSTERIOLATERAL AND ACUTE MARGINAL BRANCHES",Right Coronary Artery and its Branches,
C74456,C102341,RIGHT POSTERIOR ATRIOVENTRICULAR ARTERY,RIGHT POSTERIOR ATRIOVENTRICULAR ARTERY,Right Posterior Atrioventricular Artery,RIGHT POSTERIOR ATRIOVENTRICULAR ARTERY SEGMENT; RPAV
C74456,C102342,RIGHT POSTERIOR DESCENDING ARTERY,RIGHT POSTERIOR DESCENDING ARTERY,Right Posterior Descending Artery,RIGHT POSTERIOR DESCENDING ARTERY SEGMENT; RPDA
C74456,C116171,RIGHT VENTRICULAR BRANCH,RIGHT VENTRICULAR BRANCH,Right Ventricular Branch of Right Coronary Artery,
C74456,C102343,RIGHT VENTRICULAR ENDOCARDIUM,RIGHT VENTRICULAR ENDOCARDIUM,Right Ventricular Endocardium,
C74456,C12319,ROUND LIGAMENT,ROUND LIGAMENT,Round Ligament,
C74456,C225663,S1 DERMATOME,S1 DERMATOME,S1 Dermatome,S1 Nerve Root Dermatome
C74456,C225664,S2 DERMATOME,S2 DERMATOME,S2 Dermatome,S2 Nerve Root Dermatome
C74456,C225665,S3 DERMATOME,S3 DERMATOME,S3 Dermatome,S3 Nerve Root Dermatome
C74456,C225666,S4 DERMATOME,S4 DERMATOME,S4 Dermatome,S4 Nerve Root Dermatome
C74456,C225667,S5 DERMATOME,S5 DERMATOME,S5 Dermatome,S5 Nerve Root Dermatome
C74456,C105447,SACRAL TUBEROSITY,SACRAL TUBEROSITY,Sacral Tuberosity,
C74456,C12853,SACRAL VERTEBRA,SACRAL VERTEBRA,Sacral Vertebra,
C74456,C33507,SACROILIAC JOINT,SACROILIAC JOINT,Sacroiliac Joint,Sacroiliac Joint
C74456,C33508,SACRUM,SACRUM,Sacrum,Sacrum
C74456,C12426,SALIVARY GLAND,SALIVARY GLAND,Salivary Gland,
C74456,C12234,"SALIVARY GLAND, SUBLINGUAL","SALIVARY GLAND, SUBLINGUAL",Sublingual Salivary Gland,
C74456,C33511,SAPHENOUS VEIN,SAPHENOUS VEIN,Saphenous Vein,Saphenous Vein
C74456,C33515,SARTORIUS MUSCLE,SARTORIUS MUSCLE,Sartorius Muscle,
C74456,C89780,SCALENE LYMPH NODE,SCALENE LYMPH NODE,Scalene Lymph Node,Inferior Deep Cervical Lymph Node
C74456,C89807,SCALP,SCALP,Scalp,
C74456,C12854,SCAPHOID BONE,SCAPHOID BONE,Scaphoid Bone,Scaphoid Bone
C74456,C127676,SCAPHOID-CAPITATE JOINT,SCAPHOID-CAPITATE JOINT,Scaphoid-Capitate Joint,
C74456,C142314,SCAPHOID-LUNATE JOINT,SCAPHOID-LUNATE JOINT,Scaphoid-Lunate Joint,
C74456,C127677,SCAPHOID-LUNATE-CAPITATE JOINT,SCAPHOID-LUNATE-CAPITATE JOINT,Scaphoid-Lunate-Capitate Joint,
C74456,C142315,SCAPHOID-RADIUS JOINT,SCAPHOID-RADIUS JOINT,Scaphoid-Radius Joint,
C74456,C127678,SCAPHOID-TRAPEZIUM JOINT,SCAPHOID-TRAPEZIUM JOINT,Scaphoid-Trapezium Joint,
C74456,C142316,SCAPHOID-TRAPEZOID JOINT,SCAPHOID-TRAPEZOID JOINT,Scaphoid-Trapezoid Joint,
C74456,C12783,SCAPULA,SCAPULA,Scapula,Shoulder Blade
C74456,C52810,SCIATIC NERVE,SCIATIC NERVE,Sciatic Nerve,
C74456,C12784,SCLERA,SCLERA,Sclera,
C74456,C12785,SCROTUM,SCROTUM,Scrotum,
C74456,C33519,SEBACEOUS GLAND,SEBACEOUS GLAND,Sebaceous Gland,
C74456,C102344,SECOND DIAGONAL BRANCH ARTERY,SECOND DIAGONAL BRANCH ARTERY,Second Diagonal Branch Artery,2ND DIAG; SECOND DIAGONAL BRANCH ARTERY SEGMENT
C74456,C102345,SECOND LEFT POSTEROLATERAL BRANCH ARTERY,SECOND LEFT POSTEROLATERAL BRANCH ARTERY,Second Left Posterolateral Branch Artery,2ND LPL; SECOND LEFT POSTEROLATERAL BRANCH ARTERY SEGMENT
C74456,C102346,SECOND OBTUSE MARGINAL BRANCH ARTERY,SECOND OBTUSE MARGINAL BRANCH ARTERY,Second Obtuse Marginal Branch Artery,2ND OM; SECOND OBTUSE MARGINAL BRANCH ARTERY SEGMENT
C74456,C102347,SECOND RIGHT POSTEROLATERAL ARTERY,SECOND RIGHT POSTEROLATERAL ARTERY,Second Right Posterolateral Artery,2ND RPL; SECOND RIGHT POSTEROLATERAL ARTERY SEGMENT
C74456,C52987,SEMIMEMBRANOSUS MUSCLE,SEMIMEMBRANOSUS MUSCLE,Semimembranosus Muscle,
C74456,C12787,SEMINAL VESICLE,SEMINAL VESICLE,Seminal Vesicle,Seminal Sacs
C74456,C53176,SEMITENDINOSUS MUSCLE,SEMITENDINOSUS MUSCLE,Semitendinosus,
C74456,C154777,SENSORIMOTOR CORTEX,SENSORIMOTOR CORTEX,Sensorimotor Cortex,
C74456,C33540,SERRATUS ANTERIOR MUSCLE,SERRATUS ANTERIOR MUSCLE,Serratus Anterior Muscle,
C74456,C154780,SHIN,SHIN,Shin,
C74456,C204654,SHOULDER ABDUCTOR MUSCLES,SHOULDER ABDUCTOR MUSCLES,Shoulder Abductor Muscles,
C74456,C204659,SHOULDER EXTERNAL ROTATOR MUSCLES,SHOULDER EXTERNAL ROTATOR MUSCLES,Shoulder External Rotator Muscles,
C74456,C161387,SHOULDER JOINT TENDONS,SHOULDER JOINT TENDONS,Shoulder Joint Tendons,
C74456,C33548,SHOULDER JOINT,SHOULDER JOINT,Shoulder Joint,Shoulder Joint
C74456,C225668,SHOULDER MUSCLE,SHOULDER MUSCLE,Shoulder Muscle,
C74456,C225669,SHOULDER SOFT TISSUE,SHOULDER SOFT TISSUE,Shoulder Soft Tissue,
C74456,C25203,SHOULDER,SHOULDER,Shoulder,Shoulder
C74456,C166111,SIGMOID SINUS,SIGMOID SINUS,Sinus Sigmoideus,Pars Sigmoid
C74456,C33556,SINUS,SINUS,Sinus,Sinus
C74456,C198298,SKIN ABOVE THE EYEBROW,SKIN ABOVE THE EYEBROW,Skin Above the Eyebrow,
C74456,C170599,SKIN AROUND THE EYE,SKIN AROUND THE EYE,Skin Around the Eye,
C74456,C170600,SKIN AROUND THE MOUTH,SKIN AROUND THE MOUTH,Skin Around the Mouth,
C74456,C142317,SKIN BETWEEN EYEBROWS,SKIN BETWEEN EYEBROWS,Skin Between the Eyebrows,
C74456,C170602,SKIN FOLD,SKIN FOLD,Skinfold,
C74456,C116164,SKIN OF THE AXILLA,SKIN OF THE AXILLA,Skin of the Axilla,
C74456,C142318,SKIN OF THE BACK,SKIN OF THE BACK,Skin Of The Back,
C74456,C170603,SKIN OF THE BENDING JOINT,SKIN OF THE BENDING JOINT,Skin of the Bending Joint,
C74456,C150855,SKIN OF THE BUTTOCK,SKIN OF THE BUTTOCK,Skin of the Buttock,
C74456,C161379,SKIN OF THE CHEST,SKIN OF THE CHEST,Skin of the Chest,
C74456,C142319,SKIN OF THE CHIN,SKIN OF THE CHIN,Skin Of The Chin,
C74456,C49481,SKIN OF THE EAR,SKIN OF THE EAR,Ear Skin,
C74456,C52755,SKIN OF THE ELBOW,SKIN OF THE ELBOW,Elbow Skin,
C74456,C33561,SKIN OF THE FACE,SKIN OF THE FACE,Skin of the Face,
C74456,C52720,SKIN OF THE FINGER,SKIN OF THE FINGER,Hand Digit Skin,
C74456,C52750,SKIN OF THE FOOT,SKIN OF THE FOOT,Foot Skin,
C74456,C161378,SKIN OF THE FOREARM,SKIN OF THE FOREARM,Skin of the Forearm,
C74456,C52753,SKIN OF THE HAND,SKIN OF THE HAND,Hand Skin,
C74456,C52757,SKIN OF THE HEAD,SKIN OF THE HEAD,Head Skin,
C74456,C161391,SKIN OF THE INFRASCAPULAR REGION,SKIN OF THE INFRASCAPULAR REGION,Skin of the Infrascapular Region,
C74456,C161380,SKIN OF THE INGUINAL REGION,SKIN OF THE INGUINAL REGION,Skin of the Inguinal Region,
C74456,C64859,SKIN OF THE KNEE,SKIN OF THE KNEE,Knee Skin,
C74456,C12291,SKIN OF THE LIP,SKIN OF THE LIP,Skin of the Lip,
C74456,C164047,SKIN OF THE LOWER LIMB,SKIN OF THE LOWER LIMB,Skin of the Lower Extremity,
C74456,C52756,SKIN OF THE NECK,SKIN OF THE NECK,Neck Skin,
C74456,C198299,SKIN OF THE OUTER CANTHUS OF THE EYE,SKIN OF THE OUTER CANTHUS OF THE EYE,Skin of the Outer Canthus of the Eye,
C74456,C170604,SKIN OF THE PALM,SKIN OF THE PALM,Skin of the Palm,
C74456,C170606,SKIN OF THE SOLE,SKIN OF THE SOLE,Skin of the Sole,
C74456,C150856,SKIN OF THE THIGH,SKIN OF THE THIGH,Skin of the Thigh,
C74456,C12295,SKIN OF THE TRUNK,SKIN OF THE TRUNK,Skin of the Trunk,Skin of the Trunk
C74456,C164048,SKIN OF THE UPPER LIMB,SKIN OF THE UPPER LIMB,Skin of the Upper Extremity,
C74456,C198300,SKIN UNDER THE EYE,SKIN UNDER THE EYE,Skin Under the Eye,Skin of the Tear Trough
C74456,C12470,SKIN,SKIN,Skin,Integument; Skin
C74456,C12789,SKULL,SKULL,Skull,"Bone, Skull; Cranium; Skull Bone"
C74456,C12493,"SKULL, BASE","SKULL, BASE",Base of the Skull,Base of the Skull
C74456,C33568,SMALL INTESTINAL MUCOSA,SMALL INTESTINAL MUCOSA,Small Intestinal Mucosa,Small Bowel Mucosa
C74456,C12386,SMALL INTESTINE,SMALL INTESTINE,Small Intestine,
C74456,C33546,SMALL SAPHENOUS VEIN,SMALL SAPHENOUS VEIN,Short Saphenous Vein,
C74456,C186138,SNOUT,SNOUT,Snout,Muzzle
C74456,C12231,SOFT PALATE,SOFT PALATE,Soft Palate,
C74456,C12471,SOFT TISSUE,SOFT TISSUE,Soft Tissue,Soft Tissue
C74456,C33326,SOLE,SOLE,Plantar Region,
C74456,C53075,SOLEUS MUSCLE,SOLEUS MUSCLE,Soleus,
C74456,C12790,SPHENOID BONE,SPHENOID BONE,Sphenoid Bone,
C74456,C12278,SPHENOID SINUS,SPHENOID SINUS,Sphenoid Sinus,
C74456,C32041,SPINAL ACCESSORY NERVE,SPINAL ACCESSORY NERVE,Accessory Nerve,ACCESSORY NERVE; CRANIAL ACCESSORY NERVE
C74456,C33869,SPINAL CANAL,SPINAL CANAL,Vertebral Canal,Vertebral Canal
C74456,C186139,SPINAL CORD PARENCHYMA,SPINAL CORD PARENCHYMA,Spinal Cord Parenchyma,
C74456,C12464,SPINAL CORD,SPINAL CORD,Spinal Cord,Medulla Spinalis
C74456,C12892,"SPINAL CORD, CERVICAL","SPINAL CORD, CERVICAL",Cervical Spinal Cord,
C74456,C116112,SPINOUS PROCESS,SPINOUS PROCESS,Spinous Process,
C74456,C12432,SPLEEN,SPLEEN,Spleen,
C74456,C33601,"SPLEEN, HILUM","SPLEEN, HILUM",Splenic Hilum,Splenic Hilum
C74456,C33597,SPLENIC ARTERY,SPLENIC ARTERY,Splenic Artery,
C74456,C33600,SPLENIC HILAR LYMPH NODE,SPLENIC HILAR LYMPH NODE,Splenic Hilar Lymph Node,
C74456,C142320,SPLENIC LYMPH NODE,SPLENIC LYMPH NODE,Splenic Lymph Node,
C74456,C33608,SPLENIC VEIN,SPLENIC VEIN,Splenic Vein,
C74456,C52730,STERNAL MANUBRIUM,STERNAL MANUBRIUM,Sternal Manubrium,Sternal Manubrium
C74456,C176320,STERNEBRA,STERNEBRA,Sternebra,
C74456,C33615,STERNOCLAVICULAR JOINT,STERNOCLAVICULAR JOINT,Sternoclavicular Joint,Sternoclavicular Joint
C74456,C33616,STERNOCLEIDOMASTOID MUSCLE,STERNOCLEIDOMASTOID MUSCLE,Sternocleidomastoid Muscle,SCM; Sternomastoid Muscle
C74456,C12793,STERNUM,STERNUM,Sternum,Sterna
C74456,C186140,STOMACH WALL,STOMACH WALL,Stomach Wall,Gastric Wall
C74456,C12391,STOMACH,STOMACH,Stomach,
C74456,C142370,STRIATUM,STRIATUM,Striatum Nuclei,
C74456,C225670,SUBACROMIAL BURSA,SUBACROMIAL BURSA,Subacromial Bursa,
C74456,C225671,SUBAORTIC LYMPH NODE,SUBAORTIC LYMPH NODE,Subaortic Lymph Node,
C74456,C156507,SUBARACHNOID SPACE,SUBARACHNOID SPACE,Subarachnoid Space,Subarachnoid; Subarachnoid Area
C74456,C117873,SUBCARINAL LYMPH NODE,SUBCARINAL LYMPH NODE,Subcarinal Lymph Node,
C74456,C33643,SUBCLAVIAN ARTERY,SUBCLAVIAN ARTERY,Subclavian Artery,
C74456,C12794,SUBCLAVIAN VEIN,SUBCLAVIAN VEIN,Subclavian Vein,
C74456,C33645,SUBCUTIS,SUBCUTIS,Subcutis,Subcutaneous Tissue
C74456,C189532,SUBDURAL SPACE,SUBDURAL SPACE,Subdural Space,
C74456,C12280,SUBGLOTTIS,SUBGLOTTIS,Subglottis,Subglottis
C74456,C102349,SUBLINGUAL REGION,SUBLINGUAL REGION,Sublingual Region,
C74456,C12233,SUBMANDIBULAR GLAND,SUBMANDIBULAR GLAND,Submandibular Salivary Gland,"Gland, Salivary, Mandibular; Submaxillary Gland"
C74456,C77650,SUBMANDIBULAR LYMPH NODE,SUBMANDIBULAR LYMPH NODE,Submandibular Lymph Node,"Lymph Node, Submandibular"
C74456,C209627,SUBMANDIBULAR REGION,SUBMANDIBULAR REGION,Submandibular Region,
C74456,C142322,SUBMENTAL LYMPH NODE,SUBMENTAL LYMPH NODE,Submental Lymph Node,Suprahyoid Lymph Nodes
C74456,C209628,SUBMENTAL REGION,SUBMENTAL REGION,Submental Region,
C74456,C214700,SUBRETINAL SPACE,SUBRETINAL SPACE,Subretinal Space,
C74456,C33651,SUBSCAPULARIS MUSCLE,SUBSCAPULARIS MUSCLE,Subscapularis Muscle,
C74456,C209629,SUBSCAPULARIS TENDON,SUBSCAPULARIS TENDON,Subscapularis Tendon,
C74456,C12453,SUBSTANTIA NIGRA,SUBSTANTIA NIGRA,Substantia Nigra,
C74456,C33653,SUBTALAR JOINT,SUBTALAR JOINT,Subtalar Joint,Talocalcaneal Joint
C74456,C33712,SUDORIFEROUS GLAND,SUDORIFEROUS GLAND,Sweat Gland,Sweat Gland
C74456,C33661,SUPERFICIAL FEMORAL ARTERY,SUPERFICIAL FEMORAL ARTERY,Superficial Femoral Artery,
C74456,C102716,SUPERFICIAL LYMPH NODE,SUPERFICIAL LYMPH NODE,Superficial Lymph Node,
C74456,C33666,SUPERFICIAL VEIN,SUPERFICIAL VEIN,Superficial Vein,
C74456,C33674,SUPERIOR FRONTAL GYRUS,SUPERIOR FRONTAL GYRUS,Superior Frontal Gyrus,
C74456,C132515,SUPERIOR MEDIASTINAL LYMPH NODE LEVEL VII,SUPERIOR MEDIASTINAL LYMPH NODE LEVEL VII,Superior Mediastinal Lymph Node Group (Level VII),
C74456,C132415,SUPERIOR PUBIC RAMUS,SUPERIOR PUBIC RAMUS,Superior Pubic Ramus,
C74456,C12515,SUPERIOR SAGITTAL SINUS,SUPERIOR SAGITTAL SINUS,Superior Sagittal Sinus,
C74456,C33698,SUPERIOR TEMPORAL GYRUS,SUPERIOR TEMPORAL GYRUS,Superior Temporal Gyrus,
C74456,C12816,SUPERIOR VENA CAVA,SUPERIOR VENA CAVA,Superior Vena Cava,Anterior Vena Cava; Cranial Vena Cava
C74456,C186141,SUPINATOR MUSCLE,SUPINATOR MUSCLE,Supinator Muscle,
C74456,C142323,SUPRACLAVICULAR FOSSA,SUPRACLAVICULAR FOSSA,Supraclavicular Fossa,
C74456,C12903,SUPRACLAVICULAR LYMPH NODE,SUPRACLAVICULAR LYMPH NODE,Supraclavicular Lymph Node,Supraclavicular Lymph Node
C74456,C12279,SUPRAGLOTTIS,SUPRAGLOTTIS,Supraglottis,
C74456,C33706,SUPRAMARGINAL GYRUS,SUPRAMARGINAL GYRUS,Supramarginal Gyrus,
C74456,C186142,SUPRAOCCIPITAL BONE,SUPRAOCCIPITAL BONE,Supraoccipital Bone,
C74456,C32755,SUPRAPUBIC REGION,SUPRAPUBIC REGION,Hypogastric Region,
C74456,C130168,SUPRARENAL AORTA,SUPRARENAL AORTA,Suprarenal Aorta,
C74456,C33709,SUPRASPINATUS MUSCLE,SUPRASPINATUS MUSCLE,Supraspinatus Muscle,
C74456,C209630,SUPRASPINATUS TENDON,SUPRASPINATUS TENDON,Supraspinatus Tendon,
C74456,C12512,SUPRATENTORIAL BRAIN,SUPRATENTORIAL BRAIN,Supratentorial Brain,
C74456,C77675,SURAL NERVE,SURAL NERVE,Sural Nerve,
C74456,C186143,SUTURE,SUTURE,Cranial Suture,
C74456,C12467,SYMPATHETIC GANGLIA,SYMPATHETIC GANGLIA,Sympathetic Ganglion,
C74456,C33718,SYNOVIAL FLUID,SYNOVIAL FLUID,Synovial Fluid,Synovia
C74456,C12473,SYNOVIUM,SYNOVIUM,Synovial Membrane,Synovial Membrane; Synovial Stratum
C74456,C225672,T1 DERMATOME,T1 DERMATOME,T1 Dermatome,T1 Nerve Root Dermatome
C74456,C33720,T1 VERTEBRA,T1 VERTEBRA,T1 Vertebra,T1 Vertebra
C74456,C225673,T10 DERMATOME,T10 DERMATOME,T10 Dermatome,T10 Nerve Root Dermatome
C74456,C33721,T10 VERTEBRA,T10 VERTEBRA,T10 Vertebra,T10 Vertebra
C74456,C225674,T11 DERMATOME,T11 DERMATOME,T11 Dermatome,T11 Nerve Root Dermatome
C74456,C33722,T11 VERTEBRA,T11 VERTEBRA,T11 Vertebra,T11 Vertebra
C74456,C225675,T12 DERMATOME,T12 DERMATOME,T12 Dermatome,T12 Nerve Root Dermatome
C74456,C33723,T12 VERTEBRA,T12 VERTEBRA,T12 Vertebra,T12 Vertebra
C74456,C225676,T2 DERMATOME,T2 DERMATOME,T2 Dermatome,T2 Nerve Root Dermatome
C74456,C33724,T2 VERTEBRA,T2 VERTEBRA,T2 Vertebra,T2 Vertebra
C74456,C225677,T3 DERMATOME,T3 DERMATOME,T3 Dermatome,T3 Nerve Root Dermatome
C74456,C33725,T3 VERTEBRA,T3 VERTEBRA,T3 Vertebra,T3 Vertebra
C74456,C225678,T4 DERMATOME,T4 DERMATOME,T4 Dermatome,T4 Nerve Root Dermatome
C74456,C33726,T4 VERTEBRA,T4 VERTEBRA,T4 Vertebra,T4 Vertebra
C74456,C225679,T5 DERMATOME,T5 DERMATOME,T5 Dermatome,T5 Nerve Root Dermatome
C74456,C33727,T5 VERTEBRA,T5 VERTEBRA,T5 Vertebra,T5 Vertebra
C74456,C225680,T6 DERMATOME,T6 DERMATOME,T6 Dermatome,T6 Nerve Root Dermatome
C74456,C33728,T6 VERTEBRA,T6 VERTEBRA,T6 Vertebra,T6 Vertebra
C74456,C225681,T7 DERMATOME,T7 DERMATOME,T7 Dermatome,T7 Nerve Root Dermatome
C74456,C33729,T7 VERTEBRA,T7 VERTEBRA,T7 Vertebra,T7 Vertebra
C74456,C225682,T8 DERMATOME,T8 DERMATOME,T8 Dermatome,T8 Nerve Root Dermatome
C74456,C33730,T8 VERTEBRA,T8 VERTEBRA,T8 Vertebra,T8 Vertebra
C74456,C225683,T9 DERMATOME,T9 DERMATOME,T9 Dermatome,T9 Nerve Root Dermatome
C74456,C33731,T9 VERTEBRA,T9 VERTEBRA,T9 Vertebra,T9 Vertebra
C74456,C77663,TAIL,TAIL,Tail,
C74456,C52799,TALUS,TALUS,Talus,Talus
C74456,C33735,TARSAL JOINT,TARSAL JOINT,Tarsal Joint,
C74456,C12796,TARSUS BONE,TARSUS BONE,Tarsal Bone,"Bone, Tarsal"
C74456,C12460,TECTUM MESENCEPHALI,TECTUM MESENCEPHALI,Tectum Mesencephali,
C74456,C142369,TEMPLE,TEMPLE,Temple,
C74456,C33741,TEMPORAL ARTERY,TEMPORAL ARTERY,Temporal Artery,
C74456,C12797,TEMPORAL BONE,TEMPORAL BONE,Temporal Bone,Temporal Bone
C74456,C177768,TEMPORAL CORTEX,TEMPORAL CORTEX,Temporal Lobe Cortex,
C74456,C12353,TEMPORAL LOBE,TEMPORAL LOBE,Temporal Lobe,
C74456,C32888,TEMPOROMANDIBULAR JOINT,TEMPOROMANDIBULAR JOINT,Jaw Joint,Jaw Joint; TMJ
C74456,C13045,TENDON,TENDON,Tendon,
C74456,C53072,TENSOR FASCIA LATA MUSCLE,TENSOR FASCIA LATA MUSCLE,Tensor Fasciae Lata,Tensor Fasciae Latae Muscle; TFL Muscle
C74456,C33749,TENTORIUM CEREBELLI,TENTORIUM CEREBELLI,Tentorium Cerebelli,
C74456,C209631,TERES MINOR TENDON,TERES MINOR TENDON,Teres Minor Tendon,
C74456,C12412,TESTIS,TESTIS,Testis,Testicle
C74456,C12459,THALAMUS,THALAMUS,Thalamus,
C74456,C33763,THIGH,THIGH,Thigh,Thigh
C74456,C102350,THIRD DIAGONAL BRANCH ARTERY,THIRD DIAGONAL BRANCH ARTERY,Third Diagonal Branch Artery,3RD DIAG; THIRD DIAGONAL BRANCH ARTERY SEGMENT
C74456,C102351,THIRD OBTUSE MARGINAL BRANCH ARTERY,THIRD OBTUSE MARGINAL BRANCH ARTERY,Third Obtuse Marginal Branch Artery,3RD OM; THIRD OBTUSE MARGINAL BRANCH ARTERY SEGMENT
C74456,C102352,THIRD POSTEROLATERAL DESCENDING ARTERY,THIRD POSTEROLATERAL DESCENDING ARTERY,Third Posterolateral Descending Artery,3RD LPL; THIRD POSTEROLATERAL DESCENDING ARTERY SEGMENT
C74456,C102353,THIRD RIGHT POSTEROLATERAL ARTERY,THIRD RIGHT POSTEROLATERAL ARTERY,Third Right Posterolateral Artery,3RD RPL; THIRD RIGHT POSTEROLATERAL ARTERY SEGMENT
C74456,C33766,THORACIC AORTA,THORACIC AORTA,Thoracic Aorta,
C74456,C142325,THORACIC ARTERY,THORACIC ARTERY,Thoracic Artery,
C74456,C12905,THORACIC CAVITY,THORACIC CAVITY,Thoracic Cavity,
C74456,C33769,THORACIC LYMPH NODE,THORACIC LYMPH NODE,Thoracic Lymph Node,
C74456,C225684,THORACIC SOFT TISSUE,THORACIC SOFT TISSUE,Thoracic Soft Tissue,
C74456,C69315,THORACIC SPINE,THORACIC SPINE,Thoracic Spine,
C74456,C12798,THORACIC VERTEBRA,THORACIC VERTEBRA,Thoracic Vertebra,Thoracic Vertebra
C74456,C12799,THORAX,THORAX,Thorax,Thorax
C74456,C54272,THROAT,THROAT,Throat,Throat
C74456,C12433,THYMUS GLAND,THYMUS GLAND,Thymus Gland,Thymus Gland
C74456,C32887,THYROID GLAND ISTHMUS,THYROID GLAND ISTHMUS,Thyroid Gland Isthmus,
C74456,C12400,THYROID GLAND,THYROID GLAND,Thyroid Gland,
C74456,C32973,"THYROID GLAND, LEFT LOBE","THYROID GLAND, LEFT LOBE",Left Thyroid Gland Lobe,Left Thyroid Gland Lobe
C74456,C33491,"THYROID GLAND, RIGHT LOBE","THYROID GLAND, RIGHT LOBE",Right Thyroid Gland Lobe,Right Thyroid Gland Lobe
C74456,C120675,TIBIA SHAFT,TIBIA SHAFT,Tibial Shaft,
C74456,C12800,TIBIA,TIBIA,Tibia,
C74456,C181455,TIBIAL GROWTH PLATE,TIBIAL GROWTH PLATE,Tibial Growth Plate,Tibial Epiphyseal Plate; Tibial Physis; Tibial Plateau Growth Plate
C74456,C52809,TIBIAL NERVE,TIBIAL NERVE,Tibial Nerve,
C74456,C116168,TIBIAL-CRURAL PERIPHERAL ARTERY,TIBIAL-CRURAL PERIPHERAL ARTERY,Tibialcrural Artery,
C74456,C117874,TIBIALIS ANTERIOR MUSCLE,TIBIALIS ANTERIOR MUSCLE,Tibialis Anterior Muscle,
C74456,C140526,TIBIALIS POSTERIOR MUSCLE,TIBIALIS POSTERIOR MUSCLE,Posterior Tibialis Muscle,
C74456,C116182,TIBIO-PERONEAL TRUNK,TIBIO-PERONEAL TRUNK,Tibioperoneal Arterial Trunk,
C74456,C156506,TIBIOTARSAL JOINT,TIBIOTARSAL JOINT,Tibiotarsal Joint,
C74456,C33788,TOE,TOE,Toe,Toe
C74456,C33790,TOENAIL,TOENAIL,Toenail,Toenail
C74456,C12422,TONGUE,TONGUE,Tongue,
C74456,C12802,TONSIL,TONSIL,Tonsil,
C74456,C66864,TOOTH CANAL,TOOTH CANAL,Tooth Canal,Tooth Canal
C74456,C12506,TOOTH,TOOTH,Tooth,
C74456,C12428,TRACHEA,TRACHEA,Trachea,Windpipe
C74456,C117875,TRACHEOBRONCHIAL TREE,TRACHEOBRONCHIAL TREE,Tracheobronchial Tree,
C74456,C102354,TRANSVERSE TARSAL JOINT,TRANSVERSE TARSAL JOINT,Transverse Tarsal Joint,Mid-Tarsal Joint
C74456,C12857,TRAPEZIAL BONE,TRAPEZIAL BONE,Trapezial Bone,Trapezium
C74456,C142326,TRAPEZIUM-TRAPEZOID JOINT,TRAPEZIUM-TRAPEZOID JOINT,Trapezium-Trapezoid Joint,
C74456,C33809,TRAPEZIUS MUSCLE,TRAPEZIUS MUSCLE,Trapezius Muscle,Trapezius Muscle
C74456,C12859,TRAPEZOID BONE,TRAPEZOID BONE,Trapezoid Bone,Trapezoid Bone
C74456,C142327,TRAPEZOID-CAPITATE JOINT,TRAPEZOID-CAPITATE JOINT,Trapezoid-Capitate Joint,
C74456,C12858,TRIANGULAR BONE,TRIANGULAR BONE,Triangular Bone,Triquetral Bone
C74456,C139200,TRIANGULAR-HAMATE JOINT,TRIANGULAR-HAMATE JOINT,Triangular-Hamate Joint,Triquetral-Hamate Joint; Triquetrum-Hamate Joint
C74456,C139203,TRIANGULAR-LUNATE JOINT,TRIANGULAR-LUNATE JOINT,Lunotriquetral Joint,Triquetral-Lunate Joint; Triquetrum-Lunate Joint
C74456,C90604,TRICEPS BRACHII MUSCLE,TRICEPS BRACHII MUSCLE,Triceps Brachii,
C74456,C130047,TRICUSPID VALVE ANNULUS,TRICUSPID VALVE ANNULUS,Tricuspid Valve Annulus,
C74456,C12805,TRICUSPID VALVE,TRICUSPID VALVE,Tricuspid Valve,Right Atrioventricular Valve; Tricuspid Valve
C74456,C32799,"TRICUSPID VALVE, ANTERIOR CUSP","TRICUSPID VALVE, ANTERIOR CUSP",Anterior Cusp of the Tricuspid Valve,
C74456,C130169,"TRICUSPID VALVE, POSTERIOR ANNULUS","TRICUSPID VALVE, POSTERIOR ANNULUS",Posterior Annulus of the Tricuspid Valve,
C74456,C33055,"TRICUSPID VALVE, POSTERIOR CUSP","TRICUSPID VALVE, POSTERIOR CUSP",Posterior Cusp of the Tricuspid Valve,
C74456,C33534,"TRICUSPID VALVE, SEPTAL CUSP","TRICUSPID VALVE, SEPTAL CUSP",Septal Cusp of the Tricuspid Valve,
C74456,C12806,TRIGEMINAL NERVE,TRIGEMINAL NERVE,Trigeminal Nerve,Fifth Cranial Nerve
C74456,C33814,TROCHANTER,TROCHANTER,Trochanter,Trochanter
C74456,C225685,TROCHANTERIC BURSA,TROCHANTERIC BURSA,Trochanteric Bursa,
C74456,C12808,TROCHLEAR NERVE,TROCHLEAR NERVE,Trochlear Nerve,Trochlear Nerve
C74456,C33816,TRUNK,TRUNK,Trunk,Torso
C74456,C33820,TUNICA INTIMA,TUNICA INTIMA,Tunica Intima,Tunica Intima
C74456,C12502,TYMPANIC MEMBRANE,TYMPANIC MEMBRANE,Tympanic Membrane,Tympanic Membrane
C74456,C120676,ULNA SHAFT,ULNA SHAFT,Ulnar Shaft,
C74456,C12809,ULNA,ULNA,Ulna,
C74456,C12839,ULNAR ARTERY,ULNAR ARTERY,Ulnar Artery,
C74456,C52807,ULNAR NERVE,ULNAR NERVE,Ulnar Nerve,
C74456,C33827,UMBILICAL ARTERY,UMBILICAL ARTERY,Umbilical Artery,
C74456,C34320,UMBILICAL CORD,UMBILICAL CORD,Umbilical Cord,
C74456,C33830,UMBILICAL VEIN,UMBILICAL VEIN,Umbilical Vein,
C74456,C77533,UMBILICUS,UMBILICUS,Umbilicus,Navel
C74456,C62432,UNCINATE PROCESS OF PANCREAS,UNCINATE PROCESS OF PANCREAS,Uncinate Process of Pancreas,Uncinate Process of Pancreas
C74456,C103447,UPPER CERVICAL LYMPH NODE,UPPER CERVICAL LYMPH NODE,Upper Cervical Lymph Node,
C74456,C225686,UPPER LIMB SOFT TISSUE,UPPER LIMB SOFT TISSUE,Upper Limb Soft Tissue,
C74456,C33839,UPPER RESPIRATORY SYSTEM,UPPER RESPIRATORY SYSTEM,Upper Respiratory System,
C74456,C142328,UPPER URINARY SYSTEM,UPPER URINARY SYSTEM,Upper Urinary System,Upper Urinary Tract
C74456,C12338,URACHAL TRACT,URACHAL TRACT,Urachus,
C74456,C12416,URETER,URETER,Ureter,
C74456,C12337,URETERIC ORIFICE,URETERIC ORIFICE,Ureteric Orifice,
C74456,C12417,URETHRA,URETHRA,Urethra,
C74456,C61125,"URETHRA, ANTERIOR","URETHRA, ANTERIOR",Anterior Portion of the Urethra,Anterior Portion of the Urethra
C74456,C61123,"URETHRA, PENILE","URETHRA, PENILE",Penile Portion of the Urethra,Penile Portion of the Urethra
C74456,C61126,"URETHRA, POSTERIOR","URETHRA, POSTERIOR",Posterior Portion of the Urethra,Posterior Portion of the Urethra
C74456,C13101,"URETHRA, PROSTATIC","URETHRA, PROSTATIC",Prostatic Urethra,Prostatic Urethra
C74456,C128573,URETHRAL SPHINCTER,URETHRAL SPHINCTER,Urethral Sphincter,
C74456,C12413,URINARY SYSTEM,URINARY SYSTEM,Urinary System,Urinary System
C74456,C142329,UTERINE ARTERY,UTERINE ARTERY,Uterine Artery,
C74456,C161570,UTERINE HORN,UTERINE HORN,Uterine Horn,
C74456,C61360,UTERINE LIGAMENT,UTERINE LIGAMENT,Uterine Ligament,
C74456,C41270,UTERINE WALL,UTERINE WALL,Wall of Body of Uterus,Uterus Wall
C74456,C12405,UTERUS,UTERUS,Uterus,Womb
C74456,C12811,UVEA,UVEA,Uvea,Uvea
C74456,C12407,VAGINA,VAGINA,Vagina,Vagina
C74456,C161377,VAGINAL WALL,VAGINAL WALL,Vaginal Wall,
C74456,C12812,VAGUS NERVE,VAGUS NERVE,Vagus Nerve,Tenth Cranial Nerve
C74456,C12813,VAS DEFERENS,VAS DEFERENS,Vas Deferens,Ductus Deferens
C74456,C117876,VASTUS INTERMEDIUS MUSCLE,VASTUS INTERMEDIUS MUSCLE,Vastus Intermedius Muscle,
C74456,C53073,VASTUS LATERALIS MUSCLE,VASTUS LATERALIS MUSCLE,Vastus Lateralis,
C74456,C117736,VASTUS MEDIALIS MUSCLE,VASTUS MEDIALIS MUSCLE,Vastus Medialis Muscle,
C74456,C12814,VEIN,VEIN,Vein,Vein
C74456,C12817,VENA CAVA,VENA CAVA,Vena Cava,
C74456,C12877,VENOUS SINUS,VENOUS SINUS,Venous Sinus,
C74456,C33868,VERTEBRA,VERTEBRA,Vertebral Bone,Vertebra; Vertebral Bone
C74456,C12819,VERTEBRAL ARTERY,VERTEBRAL ARTERY,Vertebral Artery,
C74456,C12998,VERTEBRAL COLUMN,VERTEBRAL COLUMN,Vertebral Column,Vertebral Column
C74456,C106202,VESICOURETERIC JUNCTION,VESICOURETERIC JUNCTION,Ureterovesical Junction,Ureterovesical Junction; UVJ; VUJ
C74456,C12996,VESTIBULOCOCHLEAR NERVE,VESTIBULOCOCHLEAR NERVE,Vestibulocochlear Nerve,Eighth Cranial Nerve
C74456,C12822,VOCAL CORD,VOCAL CORD,Vocal Cord,Vocal Cord
C74456,C33888,VOMER,VOMER,Vomer,Vomer
C74456,C12408,VULVA,VULVA,Vulva,
C74456,C94529,VULVOVAGINAL REGION,VULVOVAGINAL REGION,Vulvovaginal Region,
C74456,C64192,WAIST,WAIST,Waist,Waist
C74456,C73468,WALDEYER'S TONSILLAR RING,WALDEYER'S TONSILLAR RING,Waldeyer Ring,
C74456,C122161,WARDS TRIANGLE,WARDS TRIANGLE,Ward's Triangle,
C74456,C186144,WHISKERS,WHISKERS,Whiskers,Vibrissa; Vibrissae; Whisker
C74456,C166003,WRIST JOINT EXTENSOR MUSCLES,WRIST JOINT EXTENSOR MUSCLES,Wrist Joint Extensor Muscles,
C74456,C161386,WRIST JOINT EXTENSOR TENDONS,WRIST JOINT EXTENSOR TENDONS,Wrist Joint Extensor Tendons,
C74456,C166004,WRIST JOINT FLEXOR MUSCLES,WRIST JOINT FLEXOR MUSCLES,Wrist Joint Flexor Muscles,
C74456,C161385,WRIST JOINT FLEXOR TENDONS,WRIST JOINT FLEXOR TENDONS,Wrist Joint Flexor Tendons,
C74456,C33894,WRIST JOINT,WRIST JOINT,Wrist Joint,Radiocarpal Joint; Wrist
C74456,C33895,XIPHOID PROCESS,XIPHOID PROCESS,Xiphoid Process,Xiphoid Process
C74456,C187837,ZYGOMATIC BONE,ZYGOMATIC BONE,Zygomatic Bone,Cheekbone; Malar Bone; Zygomatic Buttress
C99073,C13332,BILATERAL,BILATERAL,Bilateral,
C99073,C25307,CONTRALATERAL,CONTRALATERAL,Contralateral,
C99073,C25308,IPSILATERAL,IPSILATERAL,Ipsilateral,
C99073,C25230,LATERAL,LATERAL,Lateral,
C99073,C25229,LEFT,LEFT,Left,
C99073,C25228,RIGHT,RIGHT,Right,
C99073,C28012,UNILATERAL,UNILATERAL,Unilateral,
C71148,C77532,DECUBITUS,DECUBITUS,Recumbent Position,Recumbent
C71148,C62173,FOWLERS,FOWLERS,Fowler's Position,Fowlers
C71148,C100758,LATERAL DECUBITUS,LATERAL DECUBITUS,Lateral Decubitus Position,Lateral Decubitus
C71148,C62172,LEFT LATERAL DECUBITUS,LEFT LATERAL DECUBITUS,Left Lateral Decubitus Position,Left lateral decubitus
C71148,C62165,PRONE,PRONE,Prone Position,Prone
C71148,C62169,REVERSE TRENDELENBURG,REVERSE TRENDELENBURG,Reverse Trendelenburg,Reverse Trendelenburg
C71148,C62171,RIGHT LATERAL DECUBITUS,RIGHT LATERAL DECUBITUS,Right Lateral Decubitus Position,Right lateral decubitus
C71148,C62174,SEMI-FOWLERS,SEMI-FOWLERS,Semi-Fowler's Position,Semi-Fowlers
C71148,C111310,SEMI-RECUMBENT,SEMI-RECUMBENT,Semi-Recumbent,Semi-Supine
C71148,C62122,SITTING,SITTING,Sitting,Sitting
C71148,C150885,"SITTING, LEGS DEPENDENT","SITTING, LEGS DEPENDENT",Sitting With Legs Dependent,Sitting With Legs Dangling
C71148,C92604,SLING,SLING,Patient in Body Sling,Sling
C71148,C62166,STANDING,STANDING,Standing,Orthostatic; Standing
C71148,C174357,"STANDING, BENT FORWARD","STANDING, BENT FORWARD","Standing, Bent Forward",
C71148,C62167,SUPINE,SUPINE,Supine Position,Supine
C71148,C62168,TRENDELENBURG,TRENDELENBURG,Trendelenburg,Trendelenburg
C71148,C90480,UNCONSTRAINED,UNCONSTRAINED,Unconstrained Body Movement,Unconstrained
C66770,C25613,%,%,Percentage,Percentage
C66770,C49673,beats/min,beats/min,Beats per Minute,Beats per Minute; BPM; bpm
C66770,C49674,breaths/min,breaths/min,Breaths per Minute,Breaths per Minute
C66770,C42559,C,C,Degree Celsius,Degree Celsius
C66770,C49668,cm,cm,Centimeter,Centimeter
C66770,C147129,cmHg,cmHg,Centimeters of Mercury,Centimeter of Mercury
C66770,C64697,dL,dL,Deciliter,Deciliter
C66770,C44277,F,F,Degree Fahrenheit,Degree Fahrenheit
C66770,C71253,ft,ft,International Foot,Foot
C66770,C48155,g,g,Gram,Gram
C66770,C42545,Hz,Hz,Hertz,Cycle per Second; cycle/sec; Hertz
C66770,C48500,in,in,Inch,Inch
C66770,C42537,K,K,Kelvin,Kelvin
C66770,C139135,kcal/day,kcal/day,Kilocalorie per Day,
C66770,C28252,kg,kg,Kilogram,Kilogram
C66770,C49671,kg/m2,kg/m2,Kilogram per Square Meter,Kilogram per Square Meter
C66770,C48505,L,L,Liter,Liter
C66770,C48531,LB,LB,Pound,lb; lb_av; Pound
C66770,C41139,m,m,Meter,Meter
C66770,C42569,m2,m2,Square Meter,Square Meter
C66770,C127805,MET,MET,Metabolic Equivalent of Task Unit,Metabolic Equivalent of Task
C66770,C28251,mm,mm,Millimeter,Millimeter
C66770,C49670,mmHg,mmHg,Millimeter of Mercury,Millimeter of Mercury
C66770,C41140,ms,ms,Millisecond,Millisecond; ms; msec
C66770,C48519,oz,oz,Ounce,Ounce
C66770,C42547,Pa,Pa,Pascal,Pascal
C66770,C44256,RATIO,RATIO,Ratio,
C66770,C42535,s,s,Second,sec; Second
C66770,C42549,Watt,Watt,Watt,
C66741,C87304,ABI,ABI,Ankle-Brachial Index,Ankle-Brachial Index
C66741,C103346,ABSKNF,ABSKNF,Abdominal Skinfold Thickness,Abdominal Skinfold Thickness
C66741,C181553,ARMSPAN,ARMSPAN,Arm Span,Arm Span; Armspan; Reach; Wingspan
C66741,C199996,BCM,BCM,Body Cell Mass Measurement,Body Cell Mass
C66741,C205752,BLAPCTL,BLAPCTL,Body Length-for-Age Percentile,Body Length-for-Age Percentile
C66741,C16358,BMI,BMI,Body Mass Index,Body Mass Index
C66741,C163567,BMIAPCTL,BMIAPCTL,BMI-for-Age Percentile,BMI-for-Age Percentile
C66741,C126083,BMR,BMR,Basal Metabolic Rate,Basal Metabolic Rate
C66741,C81298,BODLNGTH,BODLNGTH,Total Body Length,Body Length
C66741,C122232,BODYFATM,BODYFATM,Body Fat Measurement,Body Fat Measurement
C66741,C76325,BRTHWT,BRTHWT,Birth Weight,Birth Weight
C66741,C25157,BSA,BSA,Body Surface Area,Body Surface Area
C66741,C178060,CALFCIR,CALFCIR,Calf Circumference,Calf Circumference
C66741,C156606,CHESTCIR,CHESTCIR,Chest Circumference,Chest Circumference
C66741,C168125,CPLRFLT,CPLRFLT,Capillary Refill Test,Capillary Refill Time
C66741,C170639,CRWNHEEL,CRWNHEEL,Crown to Heel Length,Crown-to-Heel Length
C66741,C172610,DBPAPCTL,DBPAPCTL,Diastolic Blood Pressure-for-Age Percentile,Diastolic Blood Pressure-for-Age Percentile; Diastolic BP-for-Age Percentile
C66741,C172609,DBPHPCTL,DBPHPCTL,Diastolic Blood Pressure-for-Height Percentile,Diastolic Blood Pressure-for-Height Percentile; Diastolic BP-for-Height Percentile
C66741,C25299,DIABP,DIABP,Diastolic Blood Pressure,Diastolic Blood Pressure
C66741,C191364,ECW,ECW,Extracellular Water Measurement,Extracellular Body Water; Extracellular Water
C66741,C191363,ECWTBW,ECWTBW,Extracellular Water to Total Body Water Ratio Measurement,ECW/TBW; Extracellular Water/Total Body Water
C66741,C147491,ENRGEXP,ENRGEXP,Energy Expenditure,Energy Expenditure
C66741,C132482,EWEIGHT,EWEIGHT,Estimated Body Weight,Estimated Body Weight; Estimated Weight
C66741,C100946,FARMCIR,FARMCIR,Forearm Circumference,Forearm Circumference
C66741,C38082,FIO2,FIO2,Fraction of Inspired Oxygen,Fraction of Inspired Oxygen
C66741,C49680,FRMSIZE,FRMSIZE,Body Frame Size,Body Frame Size
C66741,C174372,FTEWT,FTEWT,Fetal Estimated Weight,Fetal Estimated Weight
C66741,C158297,FTHDCIRC,FTHDCIRC,Fetal Head Circumference,Fetal Head Circumference
C66741,C92716,FTHR,FTHR,Fetal Heart Rate,Fetal Heart Rate; Fetal HR
C66741,C174375,FTMANDL,FTMANDL,Fetal Mandibular Length,Fetal Mandibular Length
C66741,C174373,FTSAD,FTSAD,Fetal Sagittal Abdominal Diameter,Fetal SAD; Fetal Sagittal Abdominal Diameter
C66741,C214762,FTSZGAC,FTSZGAC,Fetal Size-for-Gestational Age Category,Fetal Size-for-Gestational Age Category
C66741,C174374,FTWTGAPL,FTWTGAPL,Fetal Weight-for-Gestational Age Percentile,Fetal Weight-for-Gest Age Percentile; Fetal Weight-for-Gestational Age Percentile
C66741,C205753,HCRAPCTL,HCRAPCTL,Head Circumference-for-Age Percentile,Head Circumference-for-Age Percentile; Head Occipital-Frontal Circumference-for-Age Percentile
C66741,C81255,HDCIRC,HDCIRC,Head Circumference,Head Circumference
C66741,C25347,HEIGHT,HEIGHT,Height,Height
C66741,C100947,HIPCIR,HIPCIR,Hip Circumference,Hip Circumference
C66741,C49677,HR,HR,Heart Rate,Heart Rate
C66741,C199998,HRVSDANN,HRVSDANN,"Heart Rate Variability, Average Standard Deviation NN Interval Measurement","Heart Rate Variability, Average Standard Deviation NN Interval; Heart Rate Variability, SDANN"
C66741,C199682,HRVSDNN,HRVSDNN,"Heart Rate Variability, Standard Deviation NN Interval Measurement","Heart Rate Variability, SDNN; Heart Rate Variability, Standard Deviation NN Interval"
C66741,C163568,HTAPCTL,HTAPCTL,Height-for-Age Percentile,Height-for-Age Percentile
C66741,C117976,IDEALWT,IDEALWT,Ideal Body Weight,Ideal Body Weight
C66741,C41255,INTP,INTP,Interpretation,Interpretation
C66741,C84372,KNEEHEEL,KNEEHEEL,Knee to Heel Length Measurement,Knee to Heel Length
C66741,C71258,LBM,LBM,Lean Body Mass,Lean Body Mass
C66741,C139219,LBMTBMR,LBMTBMR,Lean Body Mass to Total Body Mass Ratio Measurement,Lean Body Mass/Total Body Mass
C66741,C199997,LTM,LTM,Lean Tissue Mass Measurement,Lean Tissue Mass
C66741,C174233,MANDL,MANDL,Mandibular Length,Mandibular Length
C66741,C49679,MAP,MAP,Mean Arterial Pressure,Mean Arterial Pressure
C66741,C147492,MAXPREHR,MAXPREHR,Maximum Predicted Heart Rate,Maximum Predicted Heart Rate
C66741,C124475,MUARMCIR,MUARMCIR,Mid-Upper Arm Circumference,Mid-Upper Arm Circumference
C66741,C154891,NECKCIR,NECKCIR,Neck Circumference,Neck Circumference
C66741,C60832,OXYSAT,OXYSAT,Oxygen Saturation Measurement,Oxygen Saturation
C66741,C49676,PULSE,PULSE,Pulse Rate,Pulse Rate
C66741,C100945,PULSEPR,PULSEPR,Pulse Pressure,Pulse Pressure
C66741,C49678,RESP,RESP,Respiratory Rate,Respiratory Rate
C66741,C87054,SAD,SAD,Sagittal Abdominal Diameter,Sagittal Abdominal Diameter
C66741,C174311,SAO2FIO2,SAO2FIO2,Oxygen Saturation/Fraction Inspired O2,Oxygen Saturation/Fraction Inspired O2
C66741,C172608,SBPAPCTL,SBPAPCTL,Systolic Blood Pressure-for-Age Percentile,Systolic Blood Pressure-for-Age Percentile; Systolic BP-for-Age Percentile
C66741,C172607,SBPHPCTL,SBPHPCTL,Systolic Blood Pressure-for-Height Percentile,Systolic Blood Pressure-for-Height Percentile; Systolic BP-for-Height Percentile
C66741,C98785,SSSKNF,SSSKNF,Subscapular Skinfold Thickness,Subscapular Skinfold Thickness
C66741,C25298,SYSBP,SYSBP,Systolic Blood Pressure,Systolic Blood Pressure
C66741,C104622,TBW,TBW,Total Body Water Measurement,Total Body Water
C66741,C225770,TBWTBM,TBWTBM,Total Body Water to Total Body Mass Ratio Measurement,Total Body Water/Total Body Mass
C66741,C174446,TEMP,TEMP,Body Temperature,Body Temperature; Temperature
C66741,C174370,TEMPCB,TEMPCB,Core Body Temperature,Core Body Temperature
C66741,C174371,TEMPPB,TEMPPB,Peripheral Body Temperature,Peripheral Body Temperature
C66741,C191365,TIBIAL,TIBIAL,Tibial Length,Tibial Length
C66741,C98793,TRSKNF,TRSKNF,Triceps Skinfold Thickness,Triceps Skinfold Thickness
C66741,C174376,ULNARL,ULNARL,Ulnar Length,Ulnar Length
C66741,C17651,WAISTHIP,WAISTHIP,Waist-Hip Ratio,Waist to Hip Ratio
C66741,C181552,WASTHEEL,WASTHEEL,Waist to Heel Length,Waist to Heel Length
C66741,C25208,WEIGHT,WEIGHT,Weight,Weight
C66741,C100948,WSTCIR,WSTCIR,Waist Circumference,Waist Circumference
C66741,C163569,WTAPCTL,WTAPCTL,Weight-for-Age Percentile,Weight-for-Age Percentile
C66741,C163570,WTHTPCTL,WTHTPCTL,Weight-for-Height Percentile,Weight-for-Height Percentile
C67153,C103346,Abdominal Skinfold Thickness,Abdominal Skinfold Thickness,Abdominal Skinfold Thickness,Abdominal Skinfold Thickness
C67153,C87304,Ankle-Brachial Index,Ankle-Brachial Index,Ankle-Brachial Index,Ankle-Brachial Index
C67153,C181553,Arm Span,Arm Span,Arm Span,Arm Span; Armspan; Reach; Wingspan
C67153,C126083,Basal Metabolic Rate,Basal Metabolic Rate,Basal Metabolic Rate,Basal Metabolic Rate
C67153,C76325,Birth Weight,Birth Weight,Birth Weight,Birth Weight
C67153,C163567,BMI-for-Age Percentile,BMI-for-Age Percentile,BMI-for-Age Percentile,BMI-for-Age Percentile
C67153,C199996,Body Cell Mass,Body Cell Mass,Body Cell Mass Measurement,Body Cell Mass
C67153,C122232,Body Fat Measurement,Body Fat Measurement,Body Fat Measurement,Body Fat Measurement
C67153,C49680,Body Frame Size,Body Frame Size,Body Frame Size,Body Frame Size
C67153,C81298,Body Length,Body Length,Total Body Length,Body Length
C67153,C205752,Body Length-for-Age Percentile,Body Length-for-Age Percentile,Body Length-for-Age Percentile,Body Length-for-Age Percentile
C67153,C16358,Body Mass Index,Body Mass Index,Body Mass Index,Body Mass Index
C67153,C25157,Body Surface Area,Body Surface Area,Body Surface Area,Body Surface Area
C67153,C178060,Calf Circumference,Calf Circumference,Calf Circumference,Calf Circumference
C67153,C168125,Capillary Refill Time,Capillary Refill Time,Capillary Refill Test,Capillary Refill Time
C67153,C156606,Chest Circumference,Chest Circumference,Chest Circumference,Chest Circumference
C67153,C174370,Core Body Temperature,Core Body Temperature,Core Body Temperature,Core Body Temperature
C67153,C170639,Crown-to-Heel Length,Crown-to-Heel Length,Crown to Heel Length,Crown-to-Heel Length
C67153,C25299,Diastolic Blood Pressure,Diastolic Blood Pressure,Diastolic Blood Pressure,Diastolic Blood Pressure
C67153,C172610,Diastolic BP-for-Age Percentile,Diastolic BP-for-Age Percentile,Diastolic Blood Pressure-for-Age Percentile,Diastolic Blood Pressure-for-Age Percentile; Diastolic BP-for-Age Percentile
C67153,C172609,Diastolic BP-for-Height Percentile,Diastolic BP-for-Height Percentile,Diastolic Blood Pressure-for-Height Percentile,Diastolic Blood Pressure-for-Height Percentile; Diastolic BP-for-Height Percentile
C67153,C147491,Energy Expenditure,Energy Expenditure,Energy Expenditure,Energy Expenditure
C67153,C132482,Estimated Weight,Estimated Weight,Estimated Body Weight,Estimated Body Weight; Estimated Weight
C67153,C191364,Extracellular Water,Extracellular Water,Extracellular Water Measurement,Extracellular Body Water; Extracellular Water
C67153,C191363,Extracellular Water/Total Body Water,Extracellular Water/Total Body Water,Extracellular Water to Total Body Water Ratio Measurement,ECW/TBW; Extracellular Water/Total Body Water
C67153,C174372,Fetal Estimated Weight,Fetal Estimated Weight,Fetal Estimated Weight,Fetal Estimated Weight
C67153,C158297,Fetal Head Circumference,Fetal Head Circumference,Fetal Head Circumference,Fetal Head Circumference
C67153,C92716,Fetal Heart Rate,Fetal Heart Rate,Fetal Heart Rate,Fetal Heart Rate; Fetal HR
C67153,C174375,Fetal Mandibular Length,Fetal Mandibular Length,Fetal Mandibular Length,Fetal Mandibular Length
C67153,C174373,Fetal Sagittal Abdominal Diameter,Fetal Sagittal Abdominal Diameter,Fetal Sagittal Abdominal Diameter,Fetal SAD; Fetal Sagittal Abdominal Diameter
C67153,C214762,Fetal Size-for-Gestational Age Category,Fetal Size-for-Gestational Age Category,Fetal Size-for-Gestational Age Category,Fetal Size-for-Gestational Age Category
C67153,C174374,Fetal Weight-for-Gest Age Percentile,Fetal Weight-for-Gest Age Percentile,Fetal Weight-for-Gestational Age Percentile,Fetal Weight-for-Gest Age Percentile; Fetal Weight-for-Gestational Age Percentile
C67153,C100946,Forearm Circumference,Forearm Circumference,Forearm Circumference,Forearm Circumference
C67153,C38082,Fraction of Inspired Oxygen,Fraction of Inspired Oxygen,Fraction of Inspired Oxygen,Fraction of Inspired Oxygen
C67153,C81255,Head Circumference,Head Circumference,Head Circumference,Head Circumference
C67153,C205753,Head Circumference-for-Age Percentile,Head Circumference-for-Age Percentile,Head Circumference-for-Age Percentile,Head Circumference-for-Age Percentile; Head Occipital-Frontal Circumference-for-Age Percentile
C67153,C199998,"Heart Rate Variability, SDANN","Heart Rate Variability, SDANN","Heart Rate Variability, Average Standard Deviation NN Interval Measurement","Heart Rate Variability, Average Standard Deviation NN Interval; Heart Rate Variability, SDANN"
C67153,C199682,"Heart Rate Variability, SDNN","Heart Rate Variability, SDNN","Heart Rate Variability, Standard Deviation NN Interval Measurement","Heart Rate Variability, SDNN; Heart Rate Variability, Standard Deviation NN Interval"
C67153,C49677,Heart Rate,Heart Rate,Heart Rate,Heart Rate
C67153,C25347,Height,Height,Height,Height
C67153,C163568,Height-for-Age Percentile,Height-for-Age Percentile,Height-for-Age Percentile,Height-for-Age Percentile
C67153,C100947,Hip Circumference,Hip Circumference,Hip Circumference,Hip Circumference
C67153,C117976,Ideal Body Weight,Ideal Body Weight,Ideal Body Weight,Ideal Body Weight
C67153,C41255,Interpretation,Interpretation,Interpretation,Interpretation
C67153,C84372,Knee to Heel Length,Knee to Heel Length,Knee to Heel Length Measurement,Knee to Heel Length
C67153,C71258,Lean Body Mass,Lean Body Mass,Lean Body Mass,Lean Body Mass
C67153,C139219,Lean Body Mass/Total Body Mass,Lean Body Mass/Total Body Mass,Lean Body Mass to Total Body Mass Ratio Measurement,Lean Body Mass/Total Body Mass
C67153,C199997,Lean Tissue Mass,Lean Tissue Mass,Lean Tissue Mass Measurement,Lean Tissue Mass
C67153,C174233,Mandibular Length,Mandibular Length,Mandibular Length,Mandibular Length
C67153,C147492,Maximum Predicted Heart Rate,Maximum Predicted Heart Rate,Maximum Predicted Heart Rate,Maximum Predicted Heart Rate
C67153,C49679,Mean Arterial Pressure,Mean Arterial Pressure,Mean Arterial Pressure,Mean Arterial Pressure
C67153,C124475,Mid-Upper Arm Circumference,Mid-Upper Arm Circumference,Mid-Upper Arm Circumference,Mid-Upper Arm Circumference
C67153,C154891,Neck Circumference,Neck Circumference,Neck Circumference,Neck Circumference
C67153,C60832,Oxygen Saturation,Oxygen Saturation,Oxygen Saturation Measurement,Oxygen Saturation
C67153,C174311,Oxygen Saturation/Fraction Inspired O2,Oxygen Saturation/Fraction Inspired O2,Oxygen Saturation/Fraction Inspired O2,Oxygen Saturation/Fraction Inspired O2
C67153,C174371,Peripheral Body Temperature,Peripheral Body Temperature,Peripheral Body Temperature,Peripheral Body Temperature
C67153,C100945,Pulse Pressure,Pulse Pressure,Pulse Pressure,Pulse Pressure
C67153,C49676,Pulse Rate,Pulse Rate,Pulse Rate,Pulse Rate
C67153,C49678,Respiratory Rate,Respiratory Rate,Respiratory Rate,Respiratory Rate
C67153,C87054,Sagittal Abdominal Diameter,Sagittal Abdominal Diameter,Sagittal Abdominal Diameter,Sagittal Abdominal Diameter
C67153,C98785,Subscapular Skinfold Thickness,Subscapular Skinfold Thickness,Subscapular Skinfold Thickness,Subscapular Skinfold Thickness
C67153,C25298,Systolic Blood Pressure,Systolic Blood Pressure,Systolic Blood Pressure,Systolic Blood Pressure
C67153,C172608,Systolic BP-for-Age Percentile,Systolic BP-for-Age Percentile,Systolic Blood Pressure-for-Age Percentile,Systolic Blood Pressure-for-Age Percentile; Systolic BP-for-Age Percentile
C67153,C172607,Systolic BP-for-Height Percentile,Systolic BP-for-Height Percentile,Systolic Blood Pressure-for-Height Percentile,Systolic Blood Pressure-for-Height Percentile; Systolic BP-for-Height Percentile
C67153,C174446,Temperature,Temperature,Body Temperature,Body Temperature; Temperature
C67153,C191365,Tibial Length,Tibial Length,Tibial Length,Tibial Length
C67153,C104622,Total Body Water,Total Body Water,Total Body Water Measurement,Total Body Water
C67153,C225770,Total Body Water/Total Body Mass,Total Body Water/Total Body Mass,Total Body Water to Total Body Mass Ratio Measurement,Total Body Water/Total Body Mass
C67153,C98793,Triceps Skinfold Thickness,Triceps Skinfold Thickness,Triceps Skinfold Thickness,Triceps Skinfold Thickness
C67153,C174376,Ulnar Length,Ulnar Length,Ulnar Length,Ulnar Length
C67153,C100948,Waist Circumference,Waist Circumference,Waist Circumference,Waist Circumference
C67153,C181552,Waist to Heel Length,Waist to Heel Length,Waist to Heel Length,Waist to Heel Length
C67153,C17651,Waist to Hip Ratio,Waist to Hip Ratio,Waist-Hip Ratio,Waist to Hip Ratio
C67153,C25208,Weight,Weight,Weight,Weight
C67153,C163569,Weight-for-Age Percentile,Weight-for-Age Percentile,Weight-for-Age Percentile,Weight-for-Age Percentile
C67153,C163570,Weight-for-Height Percentile,Weight-for-Height Percentile,Weight-for-Height Percentile,Weight-for-Height Percentile
